Type,SKU,Name,Published,Is featured?,Visibility in catalog,Short description,Description,Tax status,In stock?,Stock,Backorders allowed?,Sold individually?,Weight (lbs),Length (in),Width (in),Height (in),Regular price,Categories,Tags,Images,Cross-sells,Parent,Position,Attribute 1 name,Attribute 1 value(s),Attribute 1 visible,Attribute 1 global,Attribute 1 default,Attribute 2 name,Attribute 2 value(s),Attribute 2 visible,Attribute 2 global,Attribute 2 default
variable,SMV-TWITCH,Twitch Viewer Counter Desk Display,1,0,visible,"The Twitch Viewer Counter is a tiny, always-on desk display that shows your live Twitch live viewers over Wi-Fi &mdash; big numbers, a next-milestone bar, and a daily-change ticker. No laptop, app, or phone. Ships pre-flashed with a 3D-printed stand.","<p>The Twitch Viewer Counter puts your live Twitch live viewers right on your desk. It is a tiny, always-on Wi-Fi display with big readable numbers, a next-milestone progress bar, and a daily-change ticker &mdash; so every bit of growth feels real. No laptop, no app, no phone.</p>
<h3>What your Twitch Viewer Counter shows</h3>
<ul><li>VIEWERS NOW &mdash; your live count, big and readable</li><li>NEXT MILESTONE &mdash; a progress bar to your next round number</li><li>NEXT MILESTONE &mdash; a progress bar to your next round number (1K, 10K, 50K...)</li><li>""+N today"" &mdash; how much you have gained since it started watching</li><li>Refreshes automatically every minute over Wi-Fi</li><li>One-tap brightness and light/dark toggle</li></ul>
<h3>What you get</h3>
<ul><li>A pre-flashed Social Meter, ready to set up</li><li>A USB-C power cable</li><li>A 3D-printed desk stand</li><li>A printed setup card with a QR code to the step-by-step guide</li><li>Optional battery for cord-free placement</li></ul>
<h3>Setting up your Twitch Viewer Counter</h3>
<p>Plug in -> join the device's Wi-Fi from your phone -> open the setup page -> pick Twitch and enter your channel name, plus a free API key -> enter your home Wi-Fi. Done. Our guided page walks you through it in about two minutes.</p>
<h3>What you need</h3>
<ul><li>Your channel name</li><li>A free Twitch app key &mdash; client_id:client_secret joined by a colon (register a free app at dev.twitch.tv/console; shows 0 when you're offline)</li><li>2.4 GHz home Wi-Fi (WPA2)</li></ul>
<p><strong>Private by design.</strong> Your details stay on the device &mdash; never uploaded to us or anyone. It only fetches public Twitch counts, over an encrypted connection. Wipe it with a button hold before regifting or reselling.</p>
<p><strong>One device, many platforms.</strong> Prefer to track something else? Social Meter also counts YouTube, Twitch, Spotify, Bluesky, Mastodon, GitHub, npm, Docker Hub, Discord, Steam, Shopify, Etsy and Reddit &mdash; just pick your platform at setup.</p>
<p>The Twitch Viewer Counter is pre-flashed and ready &mdash; plug it in, join your Wi-Fi, and watch your live viewers climb.</p>
<p><small>* Social Meter is an independent hardware project by Encinitas 3D. Twitch is a trademark of Twitch Interactive, Inc.; this product is not made by, endorsed by, or affiliated with Twitch or Twitch Interactive, Inc..</small></p>",taxable,1,,0,0,0.7,4,4,3,,Smart Devices,"twitch counter, viewer counter, live viewers, twitch streamer, streamer gift, stream setup, wifi display, twitch stats, desk gadget, gamer gift, stream deck, milestone tracker, live counter","https://cdn.jsdelivr.net/gh/bricekevin/sm-listing-img@main/twitch/main-zoom.jpg,https://cdn.jsdelivr.net/gh/bricekevin/sm-listing-img@main/twitch/gold-usb.jpg,https://cdn.jsdelivr.net/gh/bricekevin/sm-listing-img@main/twitch/orange-usb.jpg,https://cdn.jsdelivr.net/gh/bricekevin/sm-listing-img@main/twitch/rainbow-usb.jpg,https://cdn.jsdelivr.net/gh/bricekevin/sm-listing-img@main/twitch/red-usb.jpg,https://cdn.jsdelivr.net/gh/bricekevin/sm-listing-img@main/twitch/wood-usb.jpg,https://cdn.jsdelivr.net/gh/bricekevin/sm-listing-img@main/twitch/black-standard.jpg,https://cdn.jsdelivr.net/gh/bricekevin/sm-listing-img@main/twitch/glow-standard.jpg,https://cdn.jsdelivr.net/gh/bricekevin/sm-listing-img@main/twitch/gold-standard.jpg,https://cdn.jsdelivr.net/gh/bricekevin/sm-listing-img@main/twitch/rainbow-standard.jpg,https://cdn.jsdelivr.net/gh/bricekevin/sm-listing-img@main/twitch/red-standard.jpg,https://cdn.jsdelivr.net/gh/bricekevin/sm-listing-img@main/twitch/wood-standard.jpg,https://cdn.jsdelivr.net/gh/bricekevin/sm-listing-img@main/twitch/black-jumbo.jpg,https://cdn.jsdelivr.net/gh/bricekevin/sm-listing-img@main/twitch/red-jumbo.jpg,https://cdn.jsdelivr.net/gh/bricekevin/sm-listing-img@main/twitch/wood-jumbo.jpg,https://cdn.jsdelivr.net/gh/bricekevin/sm-listing-img@main/twitch/studio-sq.jpg,https://cdn.jsdelivr.net/gh/bricekevin/sm-listing-img@main/twitch/studio-ang.jpg,https://cdn.jsdelivr.net/gh/bricekevin/sm-listing-img@main/twitch/out1.jpg,https://cdn.jsdelivr.net/gh/bricekevin/sm-listing-img@main/twitch/out2.jpg,https://cdn.jsdelivr.net/gh/bricekevin/sm-listing-img@main/twitch/out3.jpg","id:7384, id:473",,0,Finish,"Black, Glow, Gold, Orange, Rainbow, Red, Wood",1,1,Black,Battery,"USB-C, Standard, All Day",1,1,USB-C
variation,SMV-TWITCH-BLACK-USBC,,1,0,visible,,,taxable,1,,0,0,0.7,4,4,3,119,,,https://cdn.jsdelivr.net/gh/bricekevin/sm-listing-img@main/twitch/main.jpg,,SMV-TWITCH,1,Finish,Black,,1,,Battery,USB-C,,1,
variation,SMV-TWITCH-GOLD-USBC,,1,0,visible,,,taxable,1,,0,0,0.7,4,4,3,119,,,https://cdn.jsdelivr.net/gh/bricekevin/sm-listing-img@main/twitch/gold-usb.jpg,,SMV-TWITCH,2,Finish,Gold,,1,,Battery,USB-C,,1,
variation,SMV-TWITCH-ORANGE-USBC,,1,0,visible,,,taxable,1,,0,0,0.7,4,4,3,119,,,https://cdn.jsdelivr.net/gh/bricekevin/sm-listing-img@main/twitch/orange-usb.jpg,,SMV-TWITCH,3,Finish,Orange,,1,,Battery,USB-C,,1,
variation,SMV-TWITCH-RAINBOW-USBC,,1,0,visible,,,taxable,1,,0,0,0.7,4,4,3,119,,,https://cdn.jsdelivr.net/gh/bricekevin/sm-listing-img@main/twitch/rainbow-usb.jpg,,SMV-TWITCH,4,Finish,Rainbow,,1,,Battery,USB-C,,1,
variation,SMV-TWITCH-RED-USBC,,1,0,visible,,,taxable,1,,0,0,0.7,4,4,3,119,,,https://cdn.jsdelivr.net/gh/bricekevin/sm-listing-img@main/twitch/red-usb.jpg,,SMV-TWITCH,5,Finish,Red,,1,,Battery,USB-C,,1,
variation,SMV-TWITCH-WOOD-USBC,,1,0,visible,,,taxable,1,,0,0,0.7,4,4,3,119,,,https://cdn.jsdelivr.net/gh/bricekevin/sm-listing-img@main/twitch/wood-usb.jpg,,SMV-TWITCH,6,Finish,Wood,,1,,Battery,USB-C,,1,
variation,SMV-TWITCH-BLACK-STDB,,1,0,visible,,,taxable,1,,0,0,0.7,4,4,3,139,,,https://cdn.jsdelivr.net/gh/bricekevin/sm-listing-img@main/twitch/black-standard.jpg,,SMV-TWITCH,7,Finish,Black,,1,,Battery,Standard,,1,
variation,SMV-TWITCH-GLOW-STDB,,1,0,visible,,,taxable,1,,0,0,0.7,4,4,3,139,,,https://cdn.jsdelivr.net/gh/bricekevin/sm-listing-img@main/twitch/glow-standard.jpg,,SMV-TWITCH,8,Finish,Glow,,1,,Battery,Standard,,1,
variation,SMV-TWITCH-GOLD-STDB,,1,0,visible,,,taxable,1,,0,0,0.7,4,4,3,139,,,https://cdn.jsdelivr.net/gh/bricekevin/sm-listing-img@main/twitch/gold-standard.jpg,,SMV-TWITCH,9,Finish,Gold,,1,,Battery,Standard,,1,
variation,SMV-TWITCH-RAINBOW-STDB,,1,0,visible,,,taxable,1,,0,0,0.7,4,4,3,139,,,https://cdn.jsdelivr.net/gh/bricekevin/sm-listing-img@main/twitch/rainbow-standard.jpg,,SMV-TWITCH,10,Finish,Rainbow,,1,,Battery,Standard,,1,
variation,SMV-TWITCH-RED-STDB,,1,0,visible,,,taxable,1,,0,0,0.7,4,4,3,139,,,https://cdn.jsdelivr.net/gh/bricekevin/sm-listing-img@main/twitch/red-standard.jpg,,SMV-TWITCH,11,Finish,Red,,1,,Battery,Standard,,1,
variation,SMV-TWITCH-WOOD-STDB,,1,0,visible,,,taxable,1,,0,0,0.7,4,4,3,139,,,https://cdn.jsdelivr.net/gh/bricekevin/sm-listing-img@main/twitch/wood-standard.jpg,,SMV-TWITCH,12,Finish,Wood,,1,,Battery,Standard,,1,
variation,SMV-TWITCH-BLACK-ADB,,1,0,visible,,,taxable,1,,0,0,0.7,4,4,3,149,,,https://cdn.jsdelivr.net/gh/bricekevin/sm-listing-img@main/twitch/black-jumbo.jpg,,SMV-TWITCH,13,Finish,Black,,1,,Battery,All Day,,1,
variation,SMV-TWITCH-RED-ADB,,1,0,visible,,,taxable,1,,0,0,0.7,4,4,3,149,,,https://cdn.jsdelivr.net/gh/bricekevin/sm-listing-img@main/twitch/red-jumbo.jpg,,SMV-TWITCH,14,Finish,Red,,1,,Battery,All Day,,1,
variation,SMV-TWITCH-WOOD-ADB,,1,0,visible,,,taxable,1,,0,0,0.7,4,4,3,149,,,https://cdn.jsdelivr.net/gh/bricekevin/sm-listing-img@main/twitch/wood-jumbo.jpg,,SMV-TWITCH,15,Finish,Wood,,1,,Battery,All Day,,1,
variable,SMV-SPOTIFY,Spotify Follower Counter Desk Display,1,0,visible,"The Spotify Follower Counter is a tiny, always-on desk display that shows your live Spotify followers over Wi-Fi &mdash; big numbers, a next-milestone bar, and a daily-change ticker. No laptop, app, or phone. Ships pre-flashed with a 3D-printed stand.","<p>The Spotify Follower Counter puts your live Spotify followers right on your desk. It is a tiny, always-on Wi-Fi display with big readable numbers, a next-milestone progress bar, and a daily-change ticker &mdash; so every bit of growth feels real. No laptop, no app, no phone.</p>
<h3>What your Spotify Follower Counter shows</h3>
<ul><li>FOLLOWERS &mdash; your live count, big and readable</li><li>POPULARITY &mdash; your Spotify popularity score</li><li>NEXT MILESTONE &mdash; a progress bar to your next round number (1K, 100K, 1M...)</li><li>""+N today"" &mdash; how much you have gained since it started watching</li><li>Refreshes automatically every minute over Wi-Fi</li><li>One-tap brightness and light/dark toggle</li></ul>
<h3>What you get</h3>
<ul><li>A pre-flashed Social Meter, ready to set up</li><li>A USB-C power cable</li><li>A 3D-printed desk stand</li><li>A printed setup card with a QR code to the step-by-step guide</li><li>Optional battery for cord-free placement</li></ul>
<h3>Setting up your Spotify Follower Counter</h3>
<p>Plug in -> join the device's Wi-Fi from your phone -> open the setup page -> pick Spotify and enter your artist ID (from your Spotify artist URL), plus a free API key -> enter your home Wi-Fi. Done. Our guided page walks you through it in about two minutes.</p>
<h3>What you need</h3>
<ul><li>Your artist ID (from your Spotify artist URL)</li><li>A free Spotify app key &mdash; client_id:client_secret joined by a colon (free app at developer.spotify.com/dashboard)</li><li>2.4 GHz home Wi-Fi (WPA2)</li></ul>
<p><strong>Private by design.</strong> Your details stay on the device &mdash; never uploaded to us or anyone. It only fetches public Spotify counts, over an encrypted connection. Wipe it with a button hold before regifting or reselling.</p>
<p><strong>One device, many platforms.</strong> Prefer to track something else? Social Meter also counts YouTube, Twitch, Spotify, Bluesky, Mastodon, GitHub, npm, Docker Hub, Discord, Steam, Shopify, Etsy and Reddit &mdash; just pick your platform at setup.</p>
<p>The Spotify Follower Counter is pre-flashed and ready &mdash; plug it in, join your Wi-Fi, and watch your followers climb.</p>
<p><small>* Social Meter is an independent hardware project by Encinitas 3D. Spotify is a trademark of Spotify AB; this product is not made by, endorsed by, or affiliated with Spotify or Spotify AB.</small></p>",taxable,1,,0,0,0.7,4,4,3,,Smart Devices,"spotify counter, follower counter, spotify followers, musician gift, artist gift, music studio, wifi display, spotify stats, desk gadget, band gift, producer gift, milestone tracker, live counter","https://cdn.jsdelivr.net/gh/bricekevin/sm-listing-img@main/spotify/main-zoom.jpg,https://cdn.jsdelivr.net/gh/bricekevin/sm-listing-img@main/spotify/gold-usb.jpg,https://cdn.jsdelivr.net/gh/bricekevin/sm-listing-img@main/spotify/orange-usb.jpg,https://cdn.jsdelivr.net/gh/bricekevin/sm-listing-img@main/spotify/rainbow-usb.jpg,https://cdn.jsdelivr.net/gh/bricekevin/sm-listing-img@main/spotify/red-usb.jpg,https://cdn.jsdelivr.net/gh/bricekevin/sm-listing-img@main/spotify/wood-usb.jpg,https://cdn.jsdelivr.net/gh/bricekevin/sm-listing-img@main/spotify/black-standard.jpg,https://cdn.jsdelivr.net/gh/bricekevin/sm-listing-img@main/spotify/glow-standard.jpg,https://cdn.jsdelivr.net/gh/bricekevin/sm-listing-img@main/spotify/gold-standard.jpg,https://cdn.jsdelivr.net/gh/bricekevin/sm-listing-img@main/spotify/rainbow-standard.jpg,https://cdn.jsdelivr.net/gh/bricekevin/sm-listing-img@main/spotify/red-standard.jpg,https://cdn.jsdelivr.net/gh/bricekevin/sm-listing-img@main/spotify/wood-standard.jpg,https://cdn.jsdelivr.net/gh/bricekevin/sm-listing-img@main/spotify/black-jumbo.jpg,https://cdn.jsdelivr.net/gh/bricekevin/sm-listing-img@main/spotify/red-jumbo.jpg,https://cdn.jsdelivr.net/gh/bricekevin/sm-listing-img@main/spotify/wood-jumbo.jpg,https://cdn.jsdelivr.net/gh/bricekevin/sm-listing-img@main/spotify/studio-sq.jpg,https://cdn.jsdelivr.net/gh/bricekevin/sm-listing-img@main/spotify/studio-ang.jpg,https://cdn.jsdelivr.net/gh/bricekevin/sm-listing-img@main/spotify/out1.jpg,https://cdn.jsdelivr.net/gh/bricekevin/sm-listing-img@main/spotify/out2.jpg,https://cdn.jsdelivr.net/gh/bricekevin/sm-listing-img@main/spotify/out3.jpg","id:7384, id:473",,0,Finish,"Black, Glow, Gold, Orange, Rainbow, Red, Wood",1,1,Black,Battery,"USB-C, Standard, All Day",1,1,USB-C
variation,SMV-SPOTIFY-BLACK-USBC,,1,0,visible,,,taxable,1,,0,0,0.7,4,4,3,119,,,https://cdn.jsdelivr.net/gh/bricekevin/sm-listing-img@main/spotify/main.jpg,,SMV-SPOTIFY,1,Finish,Black,,1,,Battery,USB-C,,1,
variation,SMV-SPOTIFY-GOLD-USBC,,1,0,visible,,,taxable,1,,0,0,0.7,4,4,3,119,,,https://cdn.jsdelivr.net/gh/bricekevin/sm-listing-img@main/spotify/gold-usb.jpg,,SMV-SPOTIFY,2,Finish,Gold,,1,,Battery,USB-C,,1,
variation,SMV-SPOTIFY-ORANGE-USBC,,1,0,visible,,,taxable,1,,0,0,0.7,4,4,3,119,,,https://cdn.jsdelivr.net/gh/bricekevin/sm-listing-img@main/spotify/orange-usb.jpg,,SMV-SPOTIFY,3,Finish,Orange,,1,,Battery,USB-C,,1,
variation,SMV-SPOTIFY-RAINBOW-USBC,,1,0,visible,,,taxable,1,,0,0,0.7,4,4,3,119,,,https://cdn.jsdelivr.net/gh/bricekevin/sm-listing-img@main/spotify/rainbow-usb.jpg,,SMV-SPOTIFY,4,Finish,Rainbow,,1,,Battery,USB-C,,1,
variation,SMV-SPOTIFY-RED-USBC,,1,0,visible,,,taxable,1,,0,0,0.7,4,4,3,119,,,https://cdn.jsdelivr.net/gh/bricekevin/sm-listing-img@main/spotify/red-usb.jpg,,SMV-SPOTIFY,5,Finish,Red,,1,,Battery,USB-C,,1,
variation,SMV-SPOTIFY-WOOD-USBC,,1,0,visible,,,taxable,1,,0,0,0.7,4,4,3,119,,,https://cdn.jsdelivr.net/gh/bricekevin/sm-listing-img@main/spotify/wood-usb.jpg,,SMV-SPOTIFY,6,Finish,Wood,,1,,Battery,USB-C,,1,
variation,SMV-SPOTIFY-BLACK-STDB,,1,0,visible,,,taxable,1,,0,0,0.7,4,4,3,139,,,https://cdn.jsdelivr.net/gh/bricekevin/sm-listing-img@main/spotify/black-standard.jpg,,SMV-SPOTIFY,7,Finish,Black,,1,,Battery,Standard,,1,
variation,SMV-SPOTIFY-GLOW-STDB,,1,0,visible,,,taxable,1,,0,0,0.7,4,4,3,139,,,https://cdn.jsdelivr.net/gh/bricekevin/sm-listing-img@main/spotify/glow-standard.jpg,,SMV-SPOTIFY,8,Finish,Glow,,1,,Battery,Standard,,1,
variation,SMV-SPOTIFY-GOLD-STDB,,1,0,visible,,,taxable,1,,0,0,0.7,4,4,3,139,,,https://cdn.jsdelivr.net/gh/bricekevin/sm-listing-img@main/spotify/gold-standard.jpg,,SMV-SPOTIFY,9,Finish,Gold,,1,,Battery,Standard,,1,
variation,SMV-SPOTIFY-RAINBOW-STDB,,1,0,visible,,,taxable,1,,0,0,0.7,4,4,3,139,,,https://cdn.jsdelivr.net/gh/bricekevin/sm-listing-img@main/spotify/rainbow-standard.jpg,,SMV-SPOTIFY,10,Finish,Rainbow,,1,,Battery,Standard,,1,
variation,SMV-SPOTIFY-RED-STDB,,1,0,visible,,,taxable,1,,0,0,0.7,4,4,3,139,,,https://cdn.jsdelivr.net/gh/bricekevin/sm-listing-img@main/spotify/red-standard.jpg,,SMV-SPOTIFY,11,Finish,Red,,1,,Battery,Standard,,1,
variation,SMV-SPOTIFY-WOOD-STDB,,1,0,visible,,,taxable,1,,0,0,0.7,4,4,3,139,,,https://cdn.jsdelivr.net/gh/bricekevin/sm-listing-img@main/spotify/wood-standard.jpg,,SMV-SPOTIFY,12,Finish,Wood,,1,,Battery,Standard,,1,
variation,SMV-SPOTIFY-BLACK-ADB,,1,0,visible,,,taxable,1,,0,0,0.7,4,4,3,149,,,https://cdn.jsdelivr.net/gh/bricekevin/sm-listing-img@main/spotify/black-jumbo.jpg,,SMV-SPOTIFY,13,Finish,Black,,1,,Battery,All Day,,1,
variation,SMV-SPOTIFY-RED-ADB,,1,0,visible,,,taxable,1,,0,0,0.7,4,4,3,149,,,https://cdn.jsdelivr.net/gh/bricekevin/sm-listing-img@main/spotify/red-jumbo.jpg,,SMV-SPOTIFY,14,Finish,Red,,1,,Battery,All Day,,1,
variation,SMV-SPOTIFY-WOOD-ADB,,1,0,visible,,,taxable,1,,0,0,0.7,4,4,3,149,,,https://cdn.jsdelivr.net/gh/bricekevin/sm-listing-img@main/spotify/wood-jumbo.jpg,,SMV-SPOTIFY,15,Finish,Wood,,1,,Battery,All Day,,1,
variable,SMV-BLUESKY,Bluesky Follower Counter Desk Display,1,0,visible,"The Bluesky Follower Counter is a tiny, always-on desk display that shows your live Bluesky followers over Wi-Fi &mdash; big numbers, a next-milestone bar, and a daily-change ticker. No laptop, app, or phone. Ships pre-flashed with a 3D-printed stand.","<p>The Bluesky Follower Counter puts your live Bluesky followers right on your desk. It is a tiny, always-on Wi-Fi display with big readable numbers, a next-milestone progress bar, and a daily-change ticker &mdash; so every bit of growth feels real. No laptop, no app, no phone.</p>
<h3>What your Bluesky Follower Counter shows</h3>
<ul><li>FOLLOWERS &mdash; your live count, big and readable</li><li>POSTS and FOLLOWING &mdash; your account totals at a glance</li><li>NEXT MILESTONE &mdash; a progress bar to your next round number (1K, 10K, 100K...)</li><li>""+N today"" &mdash; how much you have gained since it started watching</li><li>Refreshes automatically every minute over Wi-Fi</li><li>One-tap brightness and light/dark toggle</li></ul>
<h3>What you get</h3>
<ul><li>A pre-flashed Social Meter, ready to set up</li><li>A USB-C power cable</li><li>A 3D-printed desk stand</li><li>A printed setup card with a QR code to the step-by-step guide</li><li>Optional battery for cord-free placement</li></ul>
<h3>Setting up your Bluesky Follower Counter</h3>
<p>Plug in -> join the device's Wi-Fi from your phone -> open the setup page -> pick Bluesky and enter your Bluesky handle -> enter your home Wi-Fi. Done. Our guided page walks you through it in about two minutes.</p>
<h3>What you need</h3>
<ul><li>Your Bluesky handle</li><li>No API key required &mdash; leave the key box blank</li><li>2.4 GHz home Wi-Fi (WPA2)</li></ul>
<p><strong>Private by design.</strong> Your details stay on the device &mdash; never uploaded to us or anyone. It only fetches public Bluesky counts, over an encrypted connection. Wipe it with a button hold before regifting or reselling.</p>
<p><strong>One device, many platforms.</strong> Prefer to track something else? Social Meter also counts YouTube, Twitch, Spotify, Bluesky, Mastodon, GitHub, npm, Docker Hub, Discord, Steam, Shopify, Etsy and Reddit &mdash; just pick your platform at setup.</p>
<p>The Bluesky Follower Counter is pre-flashed and ready &mdash; plug it in, join your Wi-Fi, and watch your followers climb.</p>
<p><small>* Social Meter is an independent hardware project by Encinitas 3D. Bluesky is a trademark of Bluesky Social, PBC; this product is not made by, endorsed by, or affiliated with Bluesky or Bluesky Social, PBC.</small></p>",taxable,1,,0,0,0.7,4,4,3,,Smart Devices,"bluesky counter, follower counter, bluesky followers, creator gift, social media, desk display, wifi display, bluesky stats, desk gadget, influencer gift, atproto, milestone tracker, live counter","https://cdn.jsdelivr.net/gh/bricekevin/sm-listing-img@main/bluesky/main-zoom.jpg,https://cdn.jsdelivr.net/gh/bricekevin/sm-listing-img@main/bluesky/gold-usb.jpg,https://cdn.jsdelivr.net/gh/bricekevin/sm-listing-img@main/bluesky/orange-usb.jpg,https://cdn.jsdelivr.net/gh/bricekevin/sm-listing-img@main/bluesky/rainbow-usb.jpg,https://cdn.jsdelivr.net/gh/bricekevin/sm-listing-img@main/bluesky/red-usb.jpg,https://cdn.jsdelivr.net/gh/bricekevin/sm-listing-img@main/bluesky/wood-usb.jpg,https://cdn.jsdelivr.net/gh/bricekevin/sm-listing-img@main/bluesky/black-standard.jpg,https://cdn.jsdelivr.net/gh/bricekevin/sm-listing-img@main/bluesky/glow-standard.jpg,https://cdn.jsdelivr.net/gh/bricekevin/sm-listing-img@main/bluesky/gold-standard.jpg,https://cdn.jsdelivr.net/gh/bricekevin/sm-listing-img@main/bluesky/rainbow-standard.jpg,https://cdn.jsdelivr.net/gh/bricekevin/sm-listing-img@main/bluesky/red-standard.jpg,https://cdn.jsdelivr.net/gh/bricekevin/sm-listing-img@main/bluesky/wood-standard.jpg,https://cdn.jsdelivr.net/gh/bricekevin/sm-listing-img@main/bluesky/black-jumbo.jpg,https://cdn.jsdelivr.net/gh/bricekevin/sm-listing-img@main/bluesky/red-jumbo.jpg,https://cdn.jsdelivr.net/gh/bricekevin/sm-listing-img@main/bluesky/wood-jumbo.jpg,https://cdn.jsdelivr.net/gh/bricekevin/sm-listing-img@main/bluesky/studio-sq.jpg,https://cdn.jsdelivr.net/gh/bricekevin/sm-listing-img@main/bluesky/studio-ang.jpg,https://cdn.jsdelivr.net/gh/bricekevin/sm-listing-img@main/bluesky/out1.jpg,https://cdn.jsdelivr.net/gh/bricekevin/sm-listing-img@main/bluesky/out2.jpg,https://cdn.jsdelivr.net/gh/bricekevin/sm-listing-img@main/bluesky/out3.jpg","id:7384, id:473",,0,Finish,"Black, Glow, Gold, Orange, Rainbow, Red, Wood",1,1,Black,Battery,"USB-C, Standard, All Day",1,1,USB-C
variation,SMV-BLUESKY-BLACK-USBC,,1,0,visible,,,taxable,1,,0,0,0.7,4,4,3,119,,,https://cdn.jsdelivr.net/gh/bricekevin/sm-listing-img@main/bluesky/main.jpg,,SMV-BLUESKY,1,Finish,Black,,1,,Battery,USB-C,,1,
variation,SMV-BLUESKY-GOLD-USBC,,1,0,visible,,,taxable,1,,0,0,0.7,4,4,3,119,,,https://cdn.jsdelivr.net/gh/bricekevin/sm-listing-img@main/bluesky/gold-usb.jpg,,SMV-BLUESKY,2,Finish,Gold,,1,,Battery,USB-C,,1,
variation,SMV-BLUESKY-ORANGE-USBC,,1,0,visible,,,taxable,1,,0,0,0.7,4,4,3,119,,,https://cdn.jsdelivr.net/gh/bricekevin/sm-listing-img@main/bluesky/orange-usb.jpg,,SMV-BLUESKY,3,Finish,Orange,,1,,Battery,USB-C,,1,
variation,SMV-BLUESKY-RAINBOW-USBC,,1,0,visible,,,taxable,1,,0,0,0.7,4,4,3,119,,,https://cdn.jsdelivr.net/gh/bricekevin/sm-listing-img@main/bluesky/rainbow-usb.jpg,,SMV-BLUESKY,4,Finish,Rainbow,,1,,Battery,USB-C,,1,
variation,SMV-BLUESKY-RED-USBC,,1,0,visible,,,taxable,1,,0,0,0.7,4,4,3,119,,,https://cdn.jsdelivr.net/gh/bricekevin/sm-listing-img@main/bluesky/red-usb.jpg,,SMV-BLUESKY,5,Finish,Red,,1,,Battery,USB-C,,1,
variation,SMV-BLUESKY-WOOD-USBC,,1,0,visible,,,taxable,1,,0,0,0.7,4,4,3,119,,,https://cdn.jsdelivr.net/gh/bricekevin/sm-listing-img@main/bluesky/wood-usb.jpg,,SMV-BLUESKY,6,Finish,Wood,,1,,Battery,USB-C,,1,
variation,SMV-BLUESKY-BLACK-STDB,,1,0,visible,,,taxable,1,,0,0,0.7,4,4,3,139,,,https://cdn.jsdelivr.net/gh/bricekevin/sm-listing-img@main/bluesky/black-standard.jpg,,SMV-BLUESKY,7,Finish,Black,,1,,Battery,Standard,,1,
variation,SMV-BLUESKY-GLOW-STDB,,1,0,visible,,,taxable,1,,0,0,0.7,4,4,3,139,,,https://cdn.jsdelivr.net/gh/bricekevin/sm-listing-img@main/bluesky/glow-standard.jpg,,SMV-BLUESKY,8,Finish,Glow,,1,,Battery,Standard,,1,
variation,SMV-BLUESKY-GOLD-STDB,,1,0,visible,,,taxable,1,,0,0,0.7,4,4,3,139,,,https://cdn.jsdelivr.net/gh/bricekevin/sm-listing-img@main/bluesky/gold-standard.jpg,,SMV-BLUESKY,9,Finish,Gold,,1,,Battery,Standard,,1,
variation,SMV-BLUESKY-RAINBOW-STDB,,1,0,visible,,,taxable,1,,0,0,0.7,4,4,3,139,,,https://cdn.jsdelivr.net/gh/bricekevin/sm-listing-img@main/bluesky/rainbow-standard.jpg,,SMV-BLUESKY,10,Finish,Rainbow,,1,,Battery,Standard,,1,
variation,SMV-BLUESKY-RED-STDB,,1,0,visible,,,taxable,1,,0,0,0.7,4,4,3,139,,,https://cdn.jsdelivr.net/gh/bricekevin/sm-listing-img@main/bluesky/red-standard.jpg,,SMV-BLUESKY,11,Finish,Red,,1,,Battery,Standard,,1,
variation,SMV-BLUESKY-WOOD-STDB,,1,0,visible,,,taxable,1,,0,0,0.7,4,4,3,139,,,https://cdn.jsdelivr.net/gh/bricekevin/sm-listing-img@main/bluesky/wood-standard.jpg,,SMV-BLUESKY,12,Finish,Wood,,1,,Battery,Standard,,1,
variation,SMV-BLUESKY-BLACK-ADB,,1,0,visible,,,taxable,1,,0,0,0.7,4,4,3,149,,,https://cdn.jsdelivr.net/gh/bricekevin/sm-listing-img@main/bluesky/black-jumbo.jpg,,SMV-BLUESKY,13,Finish,Black,,1,,Battery,All Day,,1,
variation,SMV-BLUESKY-RED-ADB,,1,0,visible,,,taxable,1,,0,0,0.7,4,4,3,149,,,https://cdn.jsdelivr.net/gh/bricekevin/sm-listing-img@main/bluesky/red-jumbo.jpg,,SMV-BLUESKY,14,Finish,Red,,1,,Battery,All Day,,1,
variation,SMV-BLUESKY-WOOD-ADB,,1,0,visible,,,taxable,1,,0,0,0.7,4,4,3,149,,,https://cdn.jsdelivr.net/gh/bricekevin/sm-listing-img@main/bluesky/wood-jumbo.jpg,,SMV-BLUESKY,15,Finish,Wood,,1,,Battery,All Day,,1,
variable,SMV-MASTODON,Mastodon Follower Counter Desk Display,1,0,visible,"The Mastodon Follower Counter is a tiny, always-on desk display that shows your live Mastodon followers over Wi-Fi &mdash; big numbers, a next-milestone bar, and a daily-change ticker. No laptop, app, or phone. Ships pre-flashed with a 3D-printed stand.","<p>The Mastodon Follower Counter puts your live Mastodon followers right on your desk. It is a tiny, always-on Wi-Fi display with big readable numbers, a next-milestone progress bar, and a daily-change ticker &mdash; so every bit of growth feels real. No laptop, no app, no phone.</p>
<h3>What your Mastodon Follower Counter shows</h3>
<ul><li>FOLLOWERS &mdash; your live count, big and readable</li><li>POSTS and FOLLOWING &mdash; your account totals at a glance</li><li>NEXT MILESTONE &mdash; a progress bar to your next round number (1K, 10K, 100K...)</li><li>""+N today"" &mdash; how much you have gained since it started watching</li><li>Refreshes automatically every minute over Wi-Fi</li><li>One-tap brightness and light/dark toggle</li></ul>
<h3>What you get</h3>
<ul><li>A pre-flashed Social Meter, ready to set up</li><li>A USB-C power cable</li><li>A 3D-printed desk stand</li><li>A printed setup card with a QR code to the step-by-step guide</li><li>Optional battery for cord-free placement</li></ul>
<h3>Setting up your Mastodon Follower Counter</h3>
<p>Plug in -> join the device's Wi-Fi from your phone -> open the setup page -> pick Mastodon and enter your full handle (user@instance) -> enter your home Wi-Fi. Done. Our guided page walks you through it in about two minutes.</p>
<h3>What you need</h3>
<ul><li>Your full handle (user@instance)</li><li>No API key required &mdash; leave the key box blank</li><li>2.4 GHz home Wi-Fi (WPA2)</li></ul>
<p><strong>Private by design.</strong> Your details stay on the device &mdash; never uploaded to us or anyone. It only fetches public Mastodon counts, over an encrypted connection. Wipe it with a button hold before regifting or reselling.</p>
<p><strong>One device, many platforms.</strong> Prefer to track something else? Social Meter also counts YouTube, Twitch, Spotify, Bluesky, Mastodon, GitHub, npm, Docker Hub, Discord, Steam, Shopify, Etsy and Reddit &mdash; just pick your platform at setup.</p>
<p>The Mastodon Follower Counter is pre-flashed and ready &mdash; plug it in, join your Wi-Fi, and watch your followers climb.</p>
<p><small>* Social Meter is an independent hardware project by Encinitas 3D. Mastodon is a trademark of Mastodon gGmbH; this product is not made by, endorsed by, or affiliated with Mastodon or Mastodon gGmbH.</small></p>",taxable,1,,0,0,0.7,4,4,3,,Smart Devices,"mastodon counter, follower counter, mastodon followers, fediverse gift, creator gift, social media, wifi display, mastodon stats, desk gadget, influencer gift, fediverse, milestone tracker, live counter","https://cdn.jsdelivr.net/gh/bricekevin/sm-listing-img@main/mastodon/main-zoom.jpg,https://cdn.jsdelivr.net/gh/bricekevin/sm-listing-img@main/mastodon/gold-usb.jpg,https://cdn.jsdelivr.net/gh/bricekevin/sm-listing-img@main/mastodon/orange-usb.jpg,https://cdn.jsdelivr.net/gh/bricekevin/sm-listing-img@main/mastodon/rainbow-usb.jpg,https://cdn.jsdelivr.net/gh/bricekevin/sm-listing-img@main/mastodon/red-usb.jpg,https://cdn.jsdelivr.net/gh/bricekevin/sm-listing-img@main/mastodon/wood-usb.jpg,https://cdn.jsdelivr.net/gh/bricekevin/sm-listing-img@main/mastodon/black-standard.jpg,https://cdn.jsdelivr.net/gh/bricekevin/sm-listing-img@main/mastodon/glow-standard.jpg,https://cdn.jsdelivr.net/gh/bricekevin/sm-listing-img@main/mastodon/gold-standard.jpg,https://cdn.jsdelivr.net/gh/bricekevin/sm-listing-img@main/mastodon/rainbow-standard.jpg,https://cdn.jsdelivr.net/gh/bricekevin/sm-listing-img@main/mastodon/red-standard.jpg,https://cdn.jsdelivr.net/gh/bricekevin/sm-listing-img@main/mastodon/wood-standard.jpg,https://cdn.jsdelivr.net/gh/bricekevin/sm-listing-img@main/mastodon/black-jumbo.jpg,https://cdn.jsdelivr.net/gh/bricekevin/sm-listing-img@main/mastodon/red-jumbo.jpg,https://cdn.jsdelivr.net/gh/bricekevin/sm-listing-img@main/mastodon/wood-jumbo.jpg,https://cdn.jsdelivr.net/gh/bricekevin/sm-listing-img@main/mastodon/studio-sq.jpg,https://cdn.jsdelivr.net/gh/bricekevin/sm-listing-img@main/mastodon/studio-ang.jpg,https://cdn.jsdelivr.net/gh/bricekevin/sm-listing-img@main/mastodon/out1.jpg,https://cdn.jsdelivr.net/gh/bricekevin/sm-listing-img@main/mastodon/out2.jpg,https://cdn.jsdelivr.net/gh/bricekevin/sm-listing-img@main/mastodon/out3.jpg","id:7384, id:473",,0,Finish,"Black, Glow, Gold, Orange, Rainbow, Red, Wood",1,1,Black,Battery,"USB-C, Standard, All Day",1,1,USB-C
variation,SMV-MASTODON-BLACK-USBC,,1,0,visible,,,taxable,1,,0,0,0.7,4,4,3,119,,,https://cdn.jsdelivr.net/gh/bricekevin/sm-listing-img@main/mastodon/main.jpg,,SMV-MASTODON,1,Finish,Black,,1,,Battery,USB-C,,1,
variation,SMV-MASTODON-GOLD-USBC,,1,0,visible,,,taxable,1,,0,0,0.7,4,4,3,119,,,https://cdn.jsdelivr.net/gh/bricekevin/sm-listing-img@main/mastodon/gold-usb.jpg,,SMV-MASTODON,2,Finish,Gold,,1,,Battery,USB-C,,1,
variation,SMV-MASTODON-ORANGE-USBC,,1,0,visible,,,taxable,1,,0,0,0.7,4,4,3,119,,,https://cdn.jsdelivr.net/gh/bricekevin/sm-listing-img@main/mastodon/orange-usb.jpg,,SMV-MASTODON,3,Finish,Orange,,1,,Battery,USB-C,,1,
variation,SMV-MASTODON-RAINBOW-USBC,,1,0,visible,,,taxable,1,,0,0,0.7,4,4,3,119,,,https://cdn.jsdelivr.net/gh/bricekevin/sm-listing-img@main/mastodon/rainbow-usb.jpg,,SMV-MASTODON,4,Finish,Rainbow,,1,,Battery,USB-C,,1,
variation,SMV-MASTODON-RED-USBC,,1,0,visible,,,taxable,1,,0,0,0.7,4,4,3,119,,,https://cdn.jsdelivr.net/gh/bricekevin/sm-listing-img@main/mastodon/red-usb.jpg,,SMV-MASTODON,5,Finish,Red,,1,,Battery,USB-C,,1,
variation,SMV-MASTODON-WOOD-USBC,,1,0,visible,,,taxable,1,,0,0,0.7,4,4,3,119,,,https://cdn.jsdelivr.net/gh/bricekevin/sm-listing-img@main/mastodon/wood-usb.jpg,,SMV-MASTODON,6,Finish,Wood,,1,,Battery,USB-C,,1,
variation,SMV-MASTODON-BLACK-STDB,,1,0,visible,,,taxable,1,,0,0,0.7,4,4,3,139,,,https://cdn.jsdelivr.net/gh/bricekevin/sm-listing-img@main/mastodon/black-standard.jpg,,SMV-MASTODON,7,Finish,Black,,1,,Battery,Standard,,1,
variation,SMV-MASTODON-GLOW-STDB,,1,0,visible,,,taxable,1,,0,0,0.7,4,4,3,139,,,https://cdn.jsdelivr.net/gh/bricekevin/sm-listing-img@main/mastodon/glow-standard.jpg,,SMV-MASTODON,8,Finish,Glow,,1,,Battery,Standard,,1,
variation,SMV-MASTODON-GOLD-STDB,,1,0,visible,,,taxable,1,,0,0,0.7,4,4,3,139,,,https://cdn.jsdelivr.net/gh/bricekevin/sm-listing-img@main/mastodon/gold-standard.jpg,,SMV-MASTODON,9,Finish,Gold,,1,,Battery,Standard,,1,
variation,SMV-MASTODON-RAINBOW-STDB,,1,0,visible,,,taxable,1,,0,0,0.7,4,4,3,139,,,https://cdn.jsdelivr.net/gh/bricekevin/sm-listing-img@main/mastodon/rainbow-standard.jpg,,SMV-MASTODON,10,Finish,Rainbow,,1,,Battery,Standard,,1,
variation,SMV-MASTODON-RED-STDB,,1,0,visible,,,taxable,1,,0,0,0.7,4,4,3,139,,,https://cdn.jsdelivr.net/gh/bricekevin/sm-listing-img@main/mastodon/red-standard.jpg,,SMV-MASTODON,11,Finish,Red,,1,,Battery,Standard,,1,
variation,SMV-MASTODON-WOOD-STDB,,1,0,visible,,,taxable,1,,0,0,0.7,4,4,3,139,,,https://cdn.jsdelivr.net/gh/bricekevin/sm-listing-img@main/mastodon/wood-standard.jpg,,SMV-MASTODON,12,Finish,Wood,,1,,Battery,Standard,,1,
variation,SMV-MASTODON-BLACK-ADB,,1,0,visible,,,taxable,1,,0,0,0.7,4,4,3,149,,,https://cdn.jsdelivr.net/gh/bricekevin/sm-listing-img@main/mastodon/black-jumbo.jpg,,SMV-MASTODON,13,Finish,Black,,1,,Battery,All Day,,1,
variation,SMV-MASTODON-RED-ADB,,1,0,visible,,,taxable,1,,0,0,0.7,4,4,3,149,,,https://cdn.jsdelivr.net/gh/bricekevin/sm-listing-img@main/mastodon/red-jumbo.jpg,,SMV-MASTODON,14,Finish,Red,,1,,Battery,All Day,,1,
variation,SMV-MASTODON-WOOD-ADB,,1,0,visible,,,taxable,1,,0,0,0.7,4,4,3,149,,,https://cdn.jsdelivr.net/gh/bricekevin/sm-listing-img@main/mastodon/wood-jumbo.jpg,,SMV-MASTODON,15,Finish,Wood,,1,,Battery,All Day,,1,
variable,SMV-GITHUB,GitHub Follower Counter Desk Display,1,0,visible,"The GitHub Follower Counter is a tiny, always-on desk display that shows your live GitHub followers over Wi-Fi &mdash; big numbers, a next-milestone bar, and a daily-change ticker. No laptop, app, or phone. Ships pre-flashed with a 3D-printed stand.","<p>The GitHub Follower Counter puts your live GitHub followers right on your desk. It is a tiny, always-on Wi-Fi display with big readable numbers, a next-milestone progress bar, and a daily-change ticker &mdash; so every bit of growth feels real. No laptop, no app, no phone.</p>
<h3>What your GitHub Follower Counter shows</h3>
<ul><li>FOLLOWERS &mdash; your live count, big and readable</li><li>REPOS and FOLLOWING &mdash; your account totals at a glance</li><li>NEXT MILESTONE &mdash; a progress bar to your next round number (100, 1K, 10K...)</li><li>""+N today"" &mdash; how much you have gained since it started watching</li><li>Refreshes automatically every minute over Wi-Fi</li><li>One-tap brightness and light/dark toggle</li></ul>
<h3>What you get</h3>
<ul><li>A pre-flashed Social Meter, ready to set up</li><li>A USB-C power cable</li><li>A 3D-printed desk stand</li><li>A printed setup card with a QR code to the step-by-step guide</li><li>Optional battery for cord-free placement</li></ul>
<h3>Setting up your GitHub Follower Counter</h3>
<p>Plug in -> join the device's Wi-Fi from your phone -> open the setup page -> pick GitHub and enter your GitHub username -> enter your home Wi-Fi. Done. Our guided page walks you through it in about two minutes.</p>
<h3>What you need</h3>
<ul><li>Your GitHub username</li><li>No API key required. Optional: a GitHub token in the key box raises the hourly rate limit.</li><li>2.4 GHz home Wi-Fi (WPA2)</li></ul>
<p><strong>Private by design.</strong> Your details stay on the device &mdash; never uploaded to us or anyone. It only fetches public GitHub counts, over an encrypted connection. Wipe it with a button hold before regifting or reselling.</p>
<p><strong>One device, many platforms.</strong> Prefer to track something else? Social Meter also counts YouTube, Twitch, Spotify, Bluesky, Mastodon, GitHub, npm, Docker Hub, Discord, Steam, Shopify, Etsy and Reddit &mdash; just pick your platform at setup.</p>
<p>The GitHub Follower Counter is pre-flashed and ready &mdash; plug it in, join your Wi-Fi, and watch your followers climb.</p>
<p><small>* Social Meter is an independent hardware project by Encinitas 3D. GitHub is a trademark of GitHub, Inc.; this product is not made by, endorsed by, or affiliated with GitHub or GitHub, Inc..</small></p>",taxable,1,,0,0,0.7,4,4,3,,Smart Devices,"github counter, follower counter, github followers, developer gift, programmer gift, coder desk, wifi display, github stats, desk gadget, software gift, open source, milestone tracker, live counter","https://cdn.jsdelivr.net/gh/bricekevin/sm-listing-img@main/github/main-zoom.jpg,https://cdn.jsdelivr.net/gh/bricekevin/sm-listing-img@main/github/gold-usb.jpg,https://cdn.jsdelivr.net/gh/bricekevin/sm-listing-img@main/github/orange-usb.jpg,https://cdn.jsdelivr.net/gh/bricekevin/sm-listing-img@main/github/rainbow-usb.jpg,https://cdn.jsdelivr.net/gh/bricekevin/sm-listing-img@main/github/red-usb.jpg,https://cdn.jsdelivr.net/gh/bricekevin/sm-listing-img@main/github/wood-usb.jpg,https://cdn.jsdelivr.net/gh/bricekevin/sm-listing-img@main/github/black-standard.jpg,https://cdn.jsdelivr.net/gh/bricekevin/sm-listing-img@main/github/glow-standard.jpg,https://cdn.jsdelivr.net/gh/bricekevin/sm-listing-img@main/github/gold-standard.jpg,https://cdn.jsdelivr.net/gh/bricekevin/sm-listing-img@main/github/rainbow-standard.jpg,https://cdn.jsdelivr.net/gh/bricekevin/sm-listing-img@main/github/red-standard.jpg,https://cdn.jsdelivr.net/gh/bricekevin/sm-listing-img@main/github/wood-standard.jpg,https://cdn.jsdelivr.net/gh/bricekevin/sm-listing-img@main/github/black-jumbo.jpg,https://cdn.jsdelivr.net/gh/bricekevin/sm-listing-img@main/github/red-jumbo.jpg,https://cdn.jsdelivr.net/gh/bricekevin/sm-listing-img@main/github/wood-jumbo.jpg,https://cdn.jsdelivr.net/gh/bricekevin/sm-listing-img@main/github/studio-sq.jpg,https://cdn.jsdelivr.net/gh/bricekevin/sm-listing-img@main/github/studio-ang.jpg,https://cdn.jsdelivr.net/gh/bricekevin/sm-listing-img@main/github/out1.jpg,https://cdn.jsdelivr.net/gh/bricekevin/sm-listing-img@main/github/out2.jpg,https://cdn.jsdelivr.net/gh/bricekevin/sm-listing-img@main/github/out3.jpg","id:7384, id:473",,0,Finish,"Black, Glow, Gold, Orange, Rainbow, Red, Wood",1,1,Black,Battery,"USB-C, Standard, All Day",1,1,USB-C
variation,SMV-GITHUB-BLACK-USBC,,1,0,visible,,,taxable,1,,0,0,0.7,4,4,3,119,,,https://cdn.jsdelivr.net/gh/bricekevin/sm-listing-img@main/github/main.jpg,,SMV-GITHUB,1,Finish,Black,,1,,Battery,USB-C,,1,
variation,SMV-GITHUB-GOLD-USBC,,1,0,visible,,,taxable,1,,0,0,0.7,4,4,3,119,,,https://cdn.jsdelivr.net/gh/bricekevin/sm-listing-img@main/github/gold-usb.jpg,,SMV-GITHUB,2,Finish,Gold,,1,,Battery,USB-C,,1,
variation,SMV-GITHUB-ORANGE-USBC,,1,0,visible,,,taxable,1,,0,0,0.7,4,4,3,119,,,https://cdn.jsdelivr.net/gh/bricekevin/sm-listing-img@main/github/orange-usb.jpg,,SMV-GITHUB,3,Finish,Orange,,1,,Battery,USB-C,,1,
variation,SMV-GITHUB-RAINBOW-USBC,,1,0,visible,,,taxable,1,,0,0,0.7,4,4,3,119,,,https://cdn.jsdelivr.net/gh/bricekevin/sm-listing-img@main/github/rainbow-usb.jpg,,SMV-GITHUB,4,Finish,Rainbow,,1,,Battery,USB-C,,1,
variation,SMV-GITHUB-RED-USBC,,1,0,visible,,,taxable,1,,0,0,0.7,4,4,3,119,,,https://cdn.jsdelivr.net/gh/bricekevin/sm-listing-img@main/github/red-usb.jpg,,SMV-GITHUB,5,Finish,Red,,1,,Battery,USB-C,,1,
variation,SMV-GITHUB-WOOD-USBC,,1,0,visible,,,taxable,1,,0,0,0.7,4,4,3,119,,,https://cdn.jsdelivr.net/gh/bricekevin/sm-listing-img@main/github/wood-usb.jpg,,SMV-GITHUB,6,Finish,Wood,,1,,Battery,USB-C,,1,
variation,SMV-GITHUB-BLACK-STDB,,1,0,visible,,,taxable,1,,0,0,0.7,4,4,3,139,,,https://cdn.jsdelivr.net/gh/bricekevin/sm-listing-img@main/github/black-standard.jpg,,SMV-GITHUB,7,Finish,Black,,1,,Battery,Standard,,1,
variation,SMV-GITHUB-GLOW-STDB,,1,0,visible,,,taxable,1,,0,0,0.7,4,4,3,139,,,https://cdn.jsdelivr.net/gh/bricekevin/sm-listing-img@main/github/glow-standard.jpg,,SMV-GITHUB,8,Finish,Glow,,1,,Battery,Standard,,1,
variation,SMV-GITHUB-GOLD-STDB,,1,0,visible,,,taxable,1,,0,0,0.7,4,4,3,139,,,https://cdn.jsdelivr.net/gh/bricekevin/sm-listing-img@main/github/gold-standard.jpg,,SMV-GITHUB,9,Finish,Gold,,1,,Battery,Standard,,1,
variation,SMV-GITHUB-RAINBOW-STDB,,1,0,visible,,,taxable,1,,0,0,0.7,4,4,3,139,,,https://cdn.jsdelivr.net/gh/bricekevin/sm-listing-img@main/github/rainbow-standard.jpg,,SMV-GITHUB,10,Finish,Rainbow,,1,,Battery,Standard,,1,
variation,SMV-GITHUB-RED-STDB,,1,0,visible,,,taxable,1,,0,0,0.7,4,4,3,139,,,https://cdn.jsdelivr.net/gh/bricekevin/sm-listing-img@main/github/red-standard.jpg,,SMV-GITHUB,11,Finish,Red,,1,,Battery,Standard,,1,
variation,SMV-GITHUB-WOOD-STDB,,1,0,visible,,,taxable,1,,0,0,0.7,4,4,3,139,,,https://cdn.jsdelivr.net/gh/bricekevin/sm-listing-img@main/github/wood-standard.jpg,,SMV-GITHUB,12,Finish,Wood,,1,,Battery,Standard,,1,
variation,SMV-GITHUB-BLACK-ADB,,1,0,visible,,,taxable,1,,0,0,0.7,4,4,3,149,,,https://cdn.jsdelivr.net/gh/bricekevin/sm-listing-img@main/github/black-jumbo.jpg,,SMV-GITHUB,13,Finish,Black,,1,,Battery,All Day,,1,
variation,SMV-GITHUB-RED-ADB,,1,0,visible,,,taxable,1,,0,0,0.7,4,4,3,149,,,https://cdn.jsdelivr.net/gh/bricekevin/sm-listing-img@main/github/red-jumbo.jpg,,SMV-GITHUB,14,Finish,Red,,1,,Battery,All Day,,1,
variation,SMV-GITHUB-WOOD-ADB,,1,0,visible,,,taxable,1,,0,0,0.7,4,4,3,149,,,https://cdn.jsdelivr.net/gh/bricekevin/sm-listing-img@main/github/wood-jumbo.jpg,,SMV-GITHUB,15,Finish,Wood,,1,,Battery,All Day,,1,
variable,SMV-NPM,npm Download Counter Desk Display,1,0,visible,"The npm Download Counter is a tiny, always-on desk display that shows your live npm weekly downloads over Wi-Fi &mdash; big numbers, a next-milestone bar, and a daily-change ticker. No laptop, app, or phone. Ships pre-flashed with a 3D-printed stand.","<p>The npm Download Counter puts your live npm weekly downloads right on your desk. It is a tiny, always-on Wi-Fi display with big readable numbers, a next-milestone progress bar, and a daily-change ticker &mdash; so every bit of growth feels real. No laptop, no app, no phone.</p>
<h3>What your npm Download Counter shows</h3>
<ul><li>DOWNLOADS/WK &mdash; your live count, big and readable</li><li>MONTHLY and DAILY &mdash; your download totals at a glance</li><li>NEXT MILESTONE &mdash; a progress bar to your next round number (10K, 1M, 10M...)</li><li>""+N today"" &mdash; how much you have gained since it started watching</li><li>Refreshes automatically every minute over Wi-Fi</li><li>One-tap brightness and light/dark toggle</li></ul>
<h3>What you get</h3>
<ul><li>A pre-flashed Social Meter, ready to set up</li><li>A USB-C power cable</li><li>A 3D-printed desk stand</li><li>A printed setup card with a QR code to the step-by-step guide</li><li>Optional battery for cord-free placement</li></ul>
<h3>Setting up your npm Download Counter</h3>
<p>Plug in -> join the device's Wi-Fi from your phone -> open the setup page -> pick npm and enter your package name -> enter your home Wi-Fi. Done. Our guided page walks you through it in about two minutes.</p>
<h3>What you need</h3>
<ul><li>Your package name</li><li>No API key required &mdash; leave the key box blank</li><li>2.4 GHz home Wi-Fi (WPA2)</li></ul>
<p><strong>Private by design.</strong> Your details stay on the device &mdash; never uploaded to us or anyone. It only fetches public npm counts, over an encrypted connection. Wipe it with a button hold before regifting or reselling.</p>
<p><strong>One device, many platforms.</strong> Prefer to track something else? Social Meter also counts YouTube, Twitch, Spotify, Bluesky, Mastodon, GitHub, npm, Docker Hub, Discord, Steam, Shopify, Etsy and Reddit &mdash; just pick your platform at setup.</p>
<p>The npm Download Counter is pre-flashed and ready &mdash; plug it in, join your Wi-Fi, and watch your weekly downloads climb.</p>
<p><small>* Social Meter is an independent hardware project by Encinitas 3D. npm is a trademark of npm, Inc. (GitHub); this product is not made by, endorsed by, or affiliated with npm or npm, Inc. (GitHub).</small></p>",taxable,1,,0,0,0.7,4,4,3,,Smart Devices,"npm counter, download counter, npm downloads, developer gift, maintainer gift, coder desk, wifi display, package stats, desk gadget, software gift, open source, milestone tracker, live counter","https://cdn.jsdelivr.net/gh/bricekevin/sm-listing-img@main/npm/main-zoom.jpg,https://cdn.jsdelivr.net/gh/bricekevin/sm-listing-img@main/npm/gold-usb.jpg,https://cdn.jsdelivr.net/gh/bricekevin/sm-listing-img@main/npm/orange-usb.jpg,https://cdn.jsdelivr.net/gh/bricekevin/sm-listing-img@main/npm/rainbow-usb.jpg,https://cdn.jsdelivr.net/gh/bricekevin/sm-listing-img@main/npm/red-usb.jpg,https://cdn.jsdelivr.net/gh/bricekevin/sm-listing-img@main/npm/wood-usb.jpg,https://cdn.jsdelivr.net/gh/bricekevin/sm-listing-img@main/npm/black-standard.jpg,https://cdn.jsdelivr.net/gh/bricekevin/sm-listing-img@main/npm/glow-standard.jpg,https://cdn.jsdelivr.net/gh/bricekevin/sm-listing-img@main/npm/gold-standard.jpg,https://cdn.jsdelivr.net/gh/bricekevin/sm-listing-img@main/npm/rainbow-standard.jpg,https://cdn.jsdelivr.net/gh/bricekevin/sm-listing-img@main/npm/red-standard.jpg,https://cdn.jsdelivr.net/gh/bricekevin/sm-listing-img@main/npm/wood-standard.jpg,https://cdn.jsdelivr.net/gh/bricekevin/sm-listing-img@main/npm/black-jumbo.jpg,https://cdn.jsdelivr.net/gh/bricekevin/sm-listing-img@main/npm/red-jumbo.jpg,https://cdn.jsdelivr.net/gh/bricekevin/sm-listing-img@main/npm/wood-jumbo.jpg,https://cdn.jsdelivr.net/gh/bricekevin/sm-listing-img@main/npm/studio-sq.jpg,https://cdn.jsdelivr.net/gh/bricekevin/sm-listing-img@main/npm/studio-ang.jpg,https://cdn.jsdelivr.net/gh/bricekevin/sm-listing-img@main/npm/out1.jpg,https://cdn.jsdelivr.net/gh/bricekevin/sm-listing-img@main/npm/out2.jpg,https://cdn.jsdelivr.net/gh/bricekevin/sm-listing-img@main/npm/out3.jpg","id:7384, id:473",,0,Finish,"Black, Glow, Gold, Orange, Rainbow, Red, Wood",1,1,Black,Battery,"USB-C, Standard, All Day",1,1,USB-C
variation,SMV-NPM-BLACK-USBC,,1,0,visible,,,taxable,1,,0,0,0.7,4,4,3,119,,,https://cdn.jsdelivr.net/gh/bricekevin/sm-listing-img@main/npm/main.jpg,,SMV-NPM,1,Finish,Black,,1,,Battery,USB-C,,1,
variation,SMV-NPM-GOLD-USBC,,1,0,visible,,,taxable,1,,0,0,0.7,4,4,3,119,,,https://cdn.jsdelivr.net/gh/bricekevin/sm-listing-img@main/npm/gold-usb.jpg,,SMV-NPM,2,Finish,Gold,,1,,Battery,USB-C,,1,
variation,SMV-NPM-ORANGE-USBC,,1,0,visible,,,taxable,1,,0,0,0.7,4,4,3,119,,,https://cdn.jsdelivr.net/gh/bricekevin/sm-listing-img@main/npm/orange-usb.jpg,,SMV-NPM,3,Finish,Orange,,1,,Battery,USB-C,,1,
variation,SMV-NPM-RAINBOW-USBC,,1,0,visible,,,taxable,1,,0,0,0.7,4,4,3,119,,,https://cdn.jsdelivr.net/gh/bricekevin/sm-listing-img@main/npm/rainbow-usb.jpg,,SMV-NPM,4,Finish,Rainbow,,1,,Battery,USB-C,,1,
variation,SMV-NPM-RED-USBC,,1,0,visible,,,taxable,1,,0,0,0.7,4,4,3,119,,,https://cdn.jsdelivr.net/gh/bricekevin/sm-listing-img@main/npm/red-usb.jpg,,SMV-NPM,5,Finish,Red,,1,,Battery,USB-C,,1,
variation,SMV-NPM-WOOD-USBC,,1,0,visible,,,taxable,1,,0,0,0.7,4,4,3,119,,,https://cdn.jsdelivr.net/gh/bricekevin/sm-listing-img@main/npm/wood-usb.jpg,,SMV-NPM,6,Finish,Wood,,1,,Battery,USB-C,,1,
variation,SMV-NPM-BLACK-STDB,,1,0,visible,,,taxable,1,,0,0,0.7,4,4,3,139,,,https://cdn.jsdelivr.net/gh/bricekevin/sm-listing-img@main/npm/black-standard.jpg,,SMV-NPM,7,Finish,Black,,1,,Battery,Standard,,1,
variation,SMV-NPM-GLOW-STDB,,1,0,visible,,,taxable,1,,0,0,0.7,4,4,3,139,,,https://cdn.jsdelivr.net/gh/bricekevin/sm-listing-img@main/npm/glow-standard.jpg,,SMV-NPM,8,Finish,Glow,,1,,Battery,Standard,,1,
variation,SMV-NPM-GOLD-STDB,,1,0,visible,,,taxable,1,,0,0,0.7,4,4,3,139,,,https://cdn.jsdelivr.net/gh/bricekevin/sm-listing-img@main/npm/gold-standard.jpg,,SMV-NPM,9,Finish,Gold,,1,,Battery,Standard,,1,
variation,SMV-NPM-RAINBOW-STDB,,1,0,visible,,,taxable,1,,0,0,0.7,4,4,3,139,,,https://cdn.jsdelivr.net/gh/bricekevin/sm-listing-img@main/npm/rainbow-standard.jpg,,SMV-NPM,10,Finish,Rainbow,,1,,Battery,Standard,,1,
variation,SMV-NPM-RED-STDB,,1,0,visible,,,taxable,1,,0,0,0.7,4,4,3,139,,,https://cdn.jsdelivr.net/gh/bricekevin/sm-listing-img@main/npm/red-standard.jpg,,SMV-NPM,11,Finish,Red,,1,,Battery,Standard,,1,
variation,SMV-NPM-WOOD-STDB,,1,0,visible,,,taxable,1,,0,0,0.7,4,4,3,139,,,https://cdn.jsdelivr.net/gh/bricekevin/sm-listing-img@main/npm/wood-standard.jpg,,SMV-NPM,12,Finish,Wood,,1,,Battery,Standard,,1,
variation,SMV-NPM-BLACK-ADB,,1,0,visible,,,taxable,1,,0,0,0.7,4,4,3,149,,,https://cdn.jsdelivr.net/gh/bricekevin/sm-listing-img@main/npm/black-jumbo.jpg,,SMV-NPM,13,Finish,Black,,1,,Battery,All Day,,1,
variation,SMV-NPM-RED-ADB,,1,0,visible,,,taxable,1,,0,0,0.7,4,4,3,149,,,https://cdn.jsdelivr.net/gh/bricekevin/sm-listing-img@main/npm/red-jumbo.jpg,,SMV-NPM,14,Finish,Red,,1,,Battery,All Day,,1,
variation,SMV-NPM-WOOD-ADB,,1,0,visible,,,taxable,1,,0,0,0.7,4,4,3,149,,,https://cdn.jsdelivr.net/gh/bricekevin/sm-listing-img@main/npm/wood-jumbo.jpg,,SMV-NPM,15,Finish,Wood,,1,,Battery,All Day,,1,
variable,SMV-DOCKERHUB,Docker Hub Pull Counter Desk Display,1,0,visible,"The Docker Hub Pull Counter is a tiny, always-on desk display that shows your live Docker Hub pulls over Wi-Fi &mdash; big numbers, a next-milestone bar, and a daily-change ticker. No laptop, app, or phone. Ships pre-flashed with a 3D-printed stand.","<p>The Docker Hub Pull Counter puts your live Docker Hub pulls right on your desk. It is a tiny, always-on Wi-Fi display with big readable numbers, a next-milestone progress bar, and a daily-change ticker &mdash; so every bit of growth feels real. No laptop, no app, no phone.</p>
<h3>What your Docker Hub Pull Counter shows</h3>
<ul><li>PULLS &mdash; your live count, big and readable</li><li>STARS and TAGS &mdash; your repo totals at a glance</li><li>NEXT MILESTONE &mdash; a progress bar to your next round number (1M, 100M, 1B...)</li><li>""+N today"" &mdash; how much you have gained since it started watching</li><li>Refreshes automatically every minute over Wi-Fi</li><li>One-tap brightness and light/dark toggle</li></ul>
<h3>What you get</h3>
<ul><li>A pre-flashed Social Meter, ready to set up</li><li>A USB-C power cable</li><li>A 3D-printed desk stand</li><li>A printed setup card with a QR code to the step-by-step guide</li><li>Optional battery for cord-free placement</li></ul>
<h3>Setting up your Docker Hub Pull Counter</h3>
<p>Plug in -> join the device's Wi-Fi from your phone -> open the setup page -> pick Docker Hub and enter your repo (user/repo) -> enter your home Wi-Fi. Done. Our guided page walks you through it in about two minutes.</p>
<h3>What you need</h3>
<ul><li>Your repo (user/repo)</li><li>No API key required &mdash; leave the key box blank</li><li>2.4 GHz home Wi-Fi (WPA2)</li></ul>
<p><strong>Private by design.</strong> Your details stay on the device &mdash; never uploaded to us or anyone. It only fetches public Docker Hub counts, over an encrypted connection. Wipe it with a button hold before regifting or reselling.</p>
<p><strong>One device, many platforms.</strong> Prefer to track something else? Social Meter also counts YouTube, Twitch, Spotify, Bluesky, Mastodon, GitHub, npm, Docker Hub, Discord, Steam, Shopify, Etsy and Reddit &mdash; just pick your platform at setup.</p>
<p>The Docker Hub Pull Counter is pre-flashed and ready &mdash; plug it in, join your Wi-Fi, and watch your pulls climb.</p>
<p><small>* Social Meter is an independent hardware project by Encinitas 3D. Docker Hub is a trademark of Docker, Inc.; this product is not made by, endorsed by, or affiliated with Docker Hub or Docker, Inc..</small></p>",taxable,1,,0,0,0.7,4,4,3,,Smart Devices,"docker counter, pull counter, docker hub, developer gift, devops gift, coder desk, wifi display, container stats, desk gadget, software gift, open source, milestone tracker, live counter","https://cdn.jsdelivr.net/gh/bricekevin/sm-listing-img@main/dockerhub/main-zoom.jpg,https://cdn.jsdelivr.net/gh/bricekevin/sm-listing-img@main/dockerhub/gold-usb.jpg,https://cdn.jsdelivr.net/gh/bricekevin/sm-listing-img@main/dockerhub/orange-usb.jpg,https://cdn.jsdelivr.net/gh/bricekevin/sm-listing-img@main/dockerhub/rainbow-usb.jpg,https://cdn.jsdelivr.net/gh/bricekevin/sm-listing-img@main/dockerhub/red-usb.jpg,https://cdn.jsdelivr.net/gh/bricekevin/sm-listing-img@main/dockerhub/wood-usb.jpg,https://cdn.jsdelivr.net/gh/bricekevin/sm-listing-img@main/dockerhub/black-standard.jpg,https://cdn.jsdelivr.net/gh/bricekevin/sm-listing-img@main/dockerhub/glow-standard.jpg,https://cdn.jsdelivr.net/gh/bricekevin/sm-listing-img@main/dockerhub/gold-standard.jpg,https://cdn.jsdelivr.net/gh/bricekevin/sm-listing-img@main/dockerhub/rainbow-standard.jpg,https://cdn.jsdelivr.net/gh/bricekevin/sm-listing-img@main/dockerhub/red-standard.jpg,https://cdn.jsdelivr.net/gh/bricekevin/sm-listing-img@main/dockerhub/wood-standard.jpg,https://cdn.jsdelivr.net/gh/bricekevin/sm-listing-img@main/dockerhub/black-jumbo.jpg,https://cdn.jsdelivr.net/gh/bricekevin/sm-listing-img@main/dockerhub/red-jumbo.jpg,https://cdn.jsdelivr.net/gh/bricekevin/sm-listing-img@main/dockerhub/wood-jumbo.jpg,https://cdn.jsdelivr.net/gh/bricekevin/sm-listing-img@main/dockerhub/studio-sq.jpg,https://cdn.jsdelivr.net/gh/bricekevin/sm-listing-img@main/dockerhub/studio-ang.jpg,https://cdn.jsdelivr.net/gh/bricekevin/sm-listing-img@main/dockerhub/out1.jpg,https://cdn.jsdelivr.net/gh/bricekevin/sm-listing-img@main/dockerhub/out2.jpg,https://cdn.jsdelivr.net/gh/bricekevin/sm-listing-img@main/dockerhub/out3.jpg","id:7384, id:473",,0,Finish,"Black, Glow, Gold, Orange, Rainbow, Red, Wood",1,1,Black,Battery,"USB-C, Standard, All Day",1,1,USB-C
variation,SMV-DOCKERHUB-BLACK-USBC,,1,0,visible,,,taxable,1,,0,0,0.7,4,4,3,119,,,https://cdn.jsdelivr.net/gh/bricekevin/sm-listing-img@main/dockerhub/main.jpg,,SMV-DOCKERHUB,1,Finish,Black,,1,,Battery,USB-C,,1,
variation,SMV-DOCKERHUB-GOLD-USBC,,1,0,visible,,,taxable,1,,0,0,0.7,4,4,3,119,,,https://cdn.jsdelivr.net/gh/bricekevin/sm-listing-img@main/dockerhub/gold-usb.jpg,,SMV-DOCKERHUB,2,Finish,Gold,,1,,Battery,USB-C,,1,
variation,SMV-DOCKERHUB-ORANGE-USBC,,1,0,visible,,,taxable,1,,0,0,0.7,4,4,3,119,,,https://cdn.jsdelivr.net/gh/bricekevin/sm-listing-img@main/dockerhub/orange-usb.jpg,,SMV-DOCKERHUB,3,Finish,Orange,,1,,Battery,USB-C,,1,
variation,SMV-DOCKERHUB-RAINBOW-USBC,,1,0,visible,,,taxable,1,,0,0,0.7,4,4,3,119,,,https://cdn.jsdelivr.net/gh/bricekevin/sm-listing-img@main/dockerhub/rainbow-usb.jpg,,SMV-DOCKERHUB,4,Finish,Rainbow,,1,,Battery,USB-C,,1,
variation,SMV-DOCKERHUB-RED-USBC,,1,0,visible,,,taxable,1,,0,0,0.7,4,4,3,119,,,https://cdn.jsdelivr.net/gh/bricekevin/sm-listing-img@main/dockerhub/red-usb.jpg,,SMV-DOCKERHUB,5,Finish,Red,,1,,Battery,USB-C,,1,
variation,SMV-DOCKERHUB-WOOD-USBC,,1,0,visible,,,taxable,1,,0,0,0.7,4,4,3,119,,,https://cdn.jsdelivr.net/gh/bricekevin/sm-listing-img@main/dockerhub/wood-usb.jpg,,SMV-DOCKERHUB,6,Finish,Wood,,1,,Battery,USB-C,,1,
variation,SMV-DOCKERHUB-BLACK-STDB,,1,0,visible,,,taxable,1,,0,0,0.7,4,4,3,139,,,https://cdn.jsdelivr.net/gh/bricekevin/sm-listing-img@main/dockerhub/black-standard.jpg,,SMV-DOCKERHUB,7,Finish,Black,,1,,Battery,Standard,,1,
variation,SMV-DOCKERHUB-GLOW-STDB,,1,0,visible,,,taxable,1,,0,0,0.7,4,4,3,139,,,https://cdn.jsdelivr.net/gh/bricekevin/sm-listing-img@main/dockerhub/glow-standard.jpg,,SMV-DOCKERHUB,8,Finish,Glow,,1,,Battery,Standard,,1,
variation,SMV-DOCKERHUB-GOLD-STDB,,1,0,visible,,,taxable,1,,0,0,0.7,4,4,3,139,,,https://cdn.jsdelivr.net/gh/bricekevin/sm-listing-img@main/dockerhub/gold-standard.jpg,,SMV-DOCKERHUB,9,Finish,Gold,,1,,Battery,Standard,,1,
variation,SMV-DOCKERHUB-RAINBOW-STDB,,1,0,visible,,,taxable,1,,0,0,0.7,4,4,3,139,,,https://cdn.jsdelivr.net/gh/bricekevin/sm-listing-img@main/dockerhub/rainbow-standard.jpg,,SMV-DOCKERHUB,10,Finish,Rainbow,,1,,Battery,Standard,,1,
variation,SMV-DOCKERHUB-RED-STDB,,1,0,visible,,,taxable,1,,0,0,0.7,4,4,3,139,,,https://cdn.jsdelivr.net/gh/bricekevin/sm-listing-img@main/dockerhub/red-standard.jpg,,SMV-DOCKERHUB,11,Finish,Red,,1,,Battery,Standard,,1,
variation,SMV-DOCKERHUB-WOOD-STDB,,1,0,visible,,,taxable,1,,0,0,0.7,4,4,3,139,,,https://cdn.jsdelivr.net/gh/bricekevin/sm-listing-img@main/dockerhub/wood-standard.jpg,,SMV-DOCKERHUB,12,Finish,Wood,,1,,Battery,Standard,,1,
variation,SMV-DOCKERHUB-BLACK-ADB,,1,0,visible,,,taxable,1,,0,0,0.7,4,4,3,149,,,https://cdn.jsdelivr.net/gh/bricekevin/sm-listing-img@main/dockerhub/black-jumbo.jpg,,SMV-DOCKERHUB,13,Finish,Black,,1,,Battery,All Day,,1,
variation,SMV-DOCKERHUB-RED-ADB,,1,0,visible,,,taxable,1,,0,0,0.7,4,4,3,149,,,https://cdn.jsdelivr.net/gh/bricekevin/sm-listing-img@main/dockerhub/red-jumbo.jpg,,SMV-DOCKERHUB,14,Finish,Red,,1,,Battery,All Day,,1,
variation,SMV-DOCKERHUB-WOOD-ADB,,1,0,visible,,,taxable,1,,0,0,0.7,4,4,3,149,,,https://cdn.jsdelivr.net/gh/bricekevin/sm-listing-img@main/dockerhub/wood-jumbo.jpg,,SMV-DOCKERHUB,15,Finish,Wood,,1,,Battery,All Day,,1,
variable,SMV-DISCORD,Discord Member Counter Desk Display,1,0,visible,"The Discord Member Counter is a tiny, always-on desk display that shows your live Discord members online over Wi-Fi &mdash; big numbers, a next-milestone bar, and a daily-change ticker. No laptop, app, or phone. Ships pre-flashed with a 3D-printed stand.","<p>The Discord Member Counter puts your live Discord members online right on your desk. It is a tiny, always-on Wi-Fi display with big readable numbers, a next-milestone progress bar, and a daily-change ticker &mdash; so every bit of growth feels real. No laptop, no app, no phone.</p>
<h3>What your Discord Member Counter shows</h3>
<ul><li>ONLINE &mdash; your live count, big and readable</li><li>NEXT MILESTONE &mdash; a progress bar to your next round number</li><li>NEXT MILESTONE &mdash; a progress bar to your next round number (1K, 10K, 100K...)</li><li>""+N today"" &mdash; how much you have gained since it started watching</li><li>Refreshes automatically every minute over Wi-Fi</li><li>One-tap brightness and light/dark toggle</li></ul>
<h3>What you get</h3>
<ul><li>A pre-flashed Social Meter, ready to set up</li><li>A USB-C power cable</li><li>A 3D-printed desk stand</li><li>A printed setup card with a QR code to the step-by-step guide</li><li>Optional battery for cord-free placement</li></ul>
<h3>Setting up your Discord Member Counter</h3>
<p>Plug in -> join the device's Wi-Fi from your phone -> open the setup page -> pick Discord and enter your server (guild) ID -> enter your home Wi-Fi. Done. Our guided page walks you through it in about two minutes.</p>
<h3>What you need</h3>
<ul><li>Your server (guild) ID</li><li>No API key required. Turn on Server Settings > Enable Server Widget first.</li><li>2.4 GHz home Wi-Fi (WPA2)</li></ul>
<p><strong>Private by design.</strong> Your details stay on the device &mdash; never uploaded to us or anyone. It only fetches public Discord counts, over an encrypted connection. Wipe it with a button hold before regifting or reselling.</p>
<p><strong>One device, many platforms.</strong> Prefer to track something else? Social Meter also counts YouTube, Twitch, Spotify, Bluesky, Mastodon, GitHub, npm, Docker Hub, Discord, Steam, Shopify, Etsy and Reddit &mdash; just pick your platform at setup.</p>
<p>The Discord Member Counter is pre-flashed and ready &mdash; plug it in, join your Wi-Fi, and watch your members online climb.</p>
<p><small>* Social Meter is an independent hardware project by Encinitas 3D. Discord is a trademark of Discord Inc.; this product is not made by, endorsed by, or affiliated with Discord or Discord Inc..</small></p>",taxable,1,,0,0,0.7,4,4,3,,Smart Devices,"discord counter, member counter, discord members, server owner gift, community gift, gamer gift, wifi display, discord stats, desk gadget, moderator gift, server widget, milestone tracker, live counter","https://cdn.jsdelivr.net/gh/bricekevin/sm-listing-img@main/discord/main-zoom.jpg,https://cdn.jsdelivr.net/gh/bricekevin/sm-listing-img@main/discord/gold-usb.jpg,https://cdn.jsdelivr.net/gh/bricekevin/sm-listing-img@main/discord/orange-usb.jpg,https://cdn.jsdelivr.net/gh/bricekevin/sm-listing-img@main/discord/rainbow-usb.jpg,https://cdn.jsdelivr.net/gh/bricekevin/sm-listing-img@main/discord/red-usb.jpg,https://cdn.jsdelivr.net/gh/bricekevin/sm-listing-img@main/discord/wood-usb.jpg,https://cdn.jsdelivr.net/gh/bricekevin/sm-listing-img@main/discord/black-standard.jpg,https://cdn.jsdelivr.net/gh/bricekevin/sm-listing-img@main/discord/glow-standard.jpg,https://cdn.jsdelivr.net/gh/bricekevin/sm-listing-img@main/discord/gold-standard.jpg,https://cdn.jsdelivr.net/gh/bricekevin/sm-listing-img@main/discord/rainbow-standard.jpg,https://cdn.jsdelivr.net/gh/bricekevin/sm-listing-img@main/discord/red-standard.jpg,https://cdn.jsdelivr.net/gh/bricekevin/sm-listing-img@main/discord/wood-standard.jpg,https://cdn.jsdelivr.net/gh/bricekevin/sm-listing-img@main/discord/black-jumbo.jpg,https://cdn.jsdelivr.net/gh/bricekevin/sm-listing-img@main/discord/red-jumbo.jpg,https://cdn.jsdelivr.net/gh/bricekevin/sm-listing-img@main/discord/wood-jumbo.jpg,https://cdn.jsdelivr.net/gh/bricekevin/sm-listing-img@main/discord/studio-sq.jpg,https://cdn.jsdelivr.net/gh/bricekevin/sm-listing-img@main/discord/studio-ang.jpg,https://cdn.jsdelivr.net/gh/bricekevin/sm-listing-img@main/discord/out1.jpg,https://cdn.jsdelivr.net/gh/bricekevin/sm-listing-img@main/discord/out2.jpg,https://cdn.jsdelivr.net/gh/bricekevin/sm-listing-img@main/discord/out3.jpg","id:7384, id:473",,0,Finish,"Black, Glow, Gold, Orange, Rainbow, Red, Wood",1,1,Black,Battery,"USB-C, Standard, All Day",1,1,USB-C
variation,SMV-DISCORD-BLACK-USBC,,1,0,visible,,,taxable,1,,0,0,0.7,4,4,3,119,,,https://cdn.jsdelivr.net/gh/bricekevin/sm-listing-img@main/discord/main.jpg,,SMV-DISCORD,1,Finish,Black,,1,,Battery,USB-C,,1,
variation,SMV-DISCORD-GOLD-USBC,,1,0,visible,,,taxable,1,,0,0,0.7,4,4,3,119,,,https://cdn.jsdelivr.net/gh/bricekevin/sm-listing-img@main/discord/gold-usb.jpg,,SMV-DISCORD,2,Finish,Gold,,1,,Battery,USB-C,,1,
variation,SMV-DISCORD-ORANGE-USBC,,1,0,visible,,,taxable,1,,0,0,0.7,4,4,3,119,,,https://cdn.jsdelivr.net/gh/bricekevin/sm-listing-img@main/discord/orange-usb.jpg,,SMV-DISCORD,3,Finish,Orange,,1,,Battery,USB-C,,1,
variation,SMV-DISCORD-RAINBOW-USBC,,1,0,visible,,,taxable,1,,0,0,0.7,4,4,3,119,,,https://cdn.jsdelivr.net/gh/bricekevin/sm-listing-img@main/discord/rainbow-usb.jpg,,SMV-DISCORD,4,Finish,Rainbow,,1,,Battery,USB-C,,1,
variation,SMV-DISCORD-RED-USBC,,1,0,visible,,,taxable,1,,0,0,0.7,4,4,3,119,,,https://cdn.jsdelivr.net/gh/bricekevin/sm-listing-img@main/discord/red-usb.jpg,,SMV-DISCORD,5,Finish,Red,,1,,Battery,USB-C,,1,
variation,SMV-DISCORD-WOOD-USBC,,1,0,visible,,,taxable,1,,0,0,0.7,4,4,3,119,,,https://cdn.jsdelivr.net/gh/bricekevin/sm-listing-img@main/discord/wood-usb.jpg,,SMV-DISCORD,6,Finish,Wood,,1,,Battery,USB-C,,1,
variation,SMV-DISCORD-BLACK-STDB,,1,0,visible,,,taxable,1,,0,0,0.7,4,4,3,139,,,https://cdn.jsdelivr.net/gh/bricekevin/sm-listing-img@main/discord/black-standard.jpg,,SMV-DISCORD,7,Finish,Black,,1,,Battery,Standard,,1,
variation,SMV-DISCORD-GLOW-STDB,,1,0,visible,,,taxable,1,,0,0,0.7,4,4,3,139,,,https://cdn.jsdelivr.net/gh/bricekevin/sm-listing-img@main/discord/glow-standard.jpg,,SMV-DISCORD,8,Finish,Glow,,1,,Battery,Standard,,1,
variation,SMV-DISCORD-GOLD-STDB,,1,0,visible,,,taxable,1,,0,0,0.7,4,4,3,139,,,https://cdn.jsdelivr.net/gh/bricekevin/sm-listing-img@main/discord/gold-standard.jpg,,SMV-DISCORD,9,Finish,Gold,,1,,Battery,Standard,,1,
variation,SMV-DISCORD-RAINBOW-STDB,,1,0,visible,,,taxable,1,,0,0,0.7,4,4,3,139,,,https://cdn.jsdelivr.net/gh/bricekevin/sm-listing-img@main/discord/rainbow-standard.jpg,,SMV-DISCORD,10,Finish,Rainbow,,1,,Battery,Standard,,1,
variation,SMV-DISCORD-RED-STDB,,1,0,visible,,,taxable,1,,0,0,0.7,4,4,3,139,,,https://cdn.jsdelivr.net/gh/bricekevin/sm-listing-img@main/discord/red-standard.jpg,,SMV-DISCORD,11,Finish,Red,,1,,Battery,Standard,,1,
variation,SMV-DISCORD-WOOD-STDB,,1,0,visible,,,taxable,1,,0,0,0.7,4,4,3,139,,,https://cdn.jsdelivr.net/gh/bricekevin/sm-listing-img@main/discord/wood-standard.jpg,,SMV-DISCORD,12,Finish,Wood,,1,,Battery,Standard,,1,
variation,SMV-DISCORD-BLACK-ADB,,1,0,visible,,,taxable,1,,0,0,0.7,4,4,3,149,,,https://cdn.jsdelivr.net/gh/bricekevin/sm-listing-img@main/discord/black-jumbo.jpg,,SMV-DISCORD,13,Finish,Black,,1,,Battery,All Day,,1,
variation,SMV-DISCORD-RED-ADB,,1,0,visible,,,taxable,1,,0,0,0.7,4,4,3,149,,,https://cdn.jsdelivr.net/gh/bricekevin/sm-listing-img@main/discord/red-jumbo.jpg,,SMV-DISCORD,14,Finish,Red,,1,,Battery,All Day,,1,
variation,SMV-DISCORD-WOOD-ADB,,1,0,visible,,,taxable,1,,0,0,0.7,4,4,3,149,,,https://cdn.jsdelivr.net/gh/bricekevin/sm-listing-img@main/discord/wood-jumbo.jpg,,SMV-DISCORD,15,Finish,Wood,,1,,Battery,All Day,,1,
variable,SMV-STEAM,Steam Player Counter Desk Display,1,0,visible,"The Steam Player Counter is a tiny, always-on desk display that shows your live Steam players right now over Wi-Fi &mdash; big numbers, a next-milestone bar, and a daily-change ticker. No laptop, app, or phone. Ships pre-flashed with a 3D-printed stand.","<p>The Steam Player Counter puts your live Steam players right now right on your desk. It is a tiny, always-on Wi-Fi display with big readable numbers, a next-milestone progress bar, and a daily-change ticker &mdash; so every bit of growth feels real. No laptop, no app, no phone.</p>
<h3>What your Steam Player Counter shows</h3>
<ul><li>PLAYERS NOW &mdash; your live count, big and readable</li><li>REVIEWS and POSITIVE &mdash; the game's review totals</li><li>NEXT MILESTONE &mdash; a progress bar to your next round number (1K, 10K, 100K...)</li><li>""+N today"" &mdash; how much you have gained since it started watching</li><li>Refreshes automatically every minute over Wi-Fi</li><li>One-tap brightness and light/dark toggle</li></ul>
<h3>What you get</h3>
<ul><li>A pre-flashed Social Meter, ready to set up</li><li>A USB-C power cable</li><li>A 3D-printed desk stand</li><li>A printed setup card with a QR code to the step-by-step guide</li><li>Optional battery for cord-free placement</li></ul>
<h3>Setting up your Steam Player Counter</h3>
<p>Plug in -> join the device's Wi-Fi from your phone -> open the setup page -> pick Steam and enter the game's Steam app ID -> enter your home Wi-Fi. Done. Our guided page walks you through it in about two minutes.</p>
<h3>What you need</h3>
<ul><li>The game's Steam app ID</li><li>No API key required &mdash; leave the key box blank</li><li>2.4 GHz home Wi-Fi (WPA2)</li></ul>
<p><strong>Private by design.</strong> Your details stay on the device &mdash; never uploaded to us or anyone. It only fetches public Steam counts, over an encrypted connection. Wipe it with a button hold before regifting or reselling.</p>
<p><strong>One device, many platforms.</strong> Prefer to track something else? Social Meter also counts YouTube, Twitch, Spotify, Bluesky, Mastodon, GitHub, npm, Docker Hub, Discord, Steam, Shopify, Etsy and Reddit &mdash; just pick your platform at setup.</p>
<p>The Steam Player Counter is pre-flashed and ready &mdash; plug it in, join your Wi-Fi, and watch your players right now climb.</p>
<p><small>* Social Meter is an independent hardware project by Encinitas 3D. Steam is a trademark of Valve Corporation; this product is not made by, endorsed by, or affiliated with Steam or Valve Corporation.</small></p>",taxable,1,,0,0,0.7,4,4,3,,Smart Devices,"steam counter, player counter, steam players, game dev gift, gamer gift, gaming desk, wifi display, steam stats, desk gadget, indie game gift, concurrent, milestone tracker, live counter","https://cdn.jsdelivr.net/gh/bricekevin/sm-listing-img@main/steam/main-zoom.jpg,https://cdn.jsdelivr.net/gh/bricekevin/sm-listing-img@main/steam/gold-usb.jpg,https://cdn.jsdelivr.net/gh/bricekevin/sm-listing-img@main/steam/orange-usb.jpg,https://cdn.jsdelivr.net/gh/bricekevin/sm-listing-img@main/steam/rainbow-usb.jpg,https://cdn.jsdelivr.net/gh/bricekevin/sm-listing-img@main/steam/red-usb.jpg,https://cdn.jsdelivr.net/gh/bricekevin/sm-listing-img@main/steam/wood-usb.jpg,https://cdn.jsdelivr.net/gh/bricekevin/sm-listing-img@main/steam/black-standard.jpg,https://cdn.jsdelivr.net/gh/bricekevin/sm-listing-img@main/steam/glow-standard.jpg,https://cdn.jsdelivr.net/gh/bricekevin/sm-listing-img@main/steam/gold-standard.jpg,https://cdn.jsdelivr.net/gh/bricekevin/sm-listing-img@main/steam/rainbow-standard.jpg,https://cdn.jsdelivr.net/gh/bricekevin/sm-listing-img@main/steam/red-standard.jpg,https://cdn.jsdelivr.net/gh/bricekevin/sm-listing-img@main/steam/wood-standard.jpg,https://cdn.jsdelivr.net/gh/bricekevin/sm-listing-img@main/steam/black-jumbo.jpg,https://cdn.jsdelivr.net/gh/bricekevin/sm-listing-img@main/steam/red-jumbo.jpg,https://cdn.jsdelivr.net/gh/bricekevin/sm-listing-img@main/steam/wood-jumbo.jpg,https://cdn.jsdelivr.net/gh/bricekevin/sm-listing-img@main/steam/studio-sq.jpg,https://cdn.jsdelivr.net/gh/bricekevin/sm-listing-img@main/steam/studio-ang.jpg,https://cdn.jsdelivr.net/gh/bricekevin/sm-listing-img@main/steam/out1.jpg,https://cdn.jsdelivr.net/gh/bricekevin/sm-listing-img@main/steam/out2.jpg,https://cdn.jsdelivr.net/gh/bricekevin/sm-listing-img@main/steam/out3.jpg","id:7384, id:473",,0,Finish,"Black, Glow, Gold, Orange, Rainbow, Red, Wood",1,1,Black,Battery,"USB-C, Standard, All Day",1,1,USB-C
variation,SMV-STEAM-BLACK-USBC,,1,0,visible,,,taxable,1,,0,0,0.7,4,4,3,119,,,https://cdn.jsdelivr.net/gh/bricekevin/sm-listing-img@main/steam/main.jpg,,SMV-STEAM,1,Finish,Black,,1,,Battery,USB-C,,1,
variation,SMV-STEAM-GOLD-USBC,,1,0,visible,,,taxable,1,,0,0,0.7,4,4,3,119,,,https://cdn.jsdelivr.net/gh/bricekevin/sm-listing-img@main/steam/gold-usb.jpg,,SMV-STEAM,2,Finish,Gold,,1,,Battery,USB-C,,1,
variation,SMV-STEAM-ORANGE-USBC,,1,0,visible,,,taxable,1,,0,0,0.7,4,4,3,119,,,https://cdn.jsdelivr.net/gh/bricekevin/sm-listing-img@main/steam/orange-usb.jpg,,SMV-STEAM,3,Finish,Orange,,1,,Battery,USB-C,,1,
variation,SMV-STEAM-RAINBOW-USBC,,1,0,visible,,,taxable,1,,0,0,0.7,4,4,3,119,,,https://cdn.jsdelivr.net/gh/bricekevin/sm-listing-img@main/steam/rainbow-usb.jpg,,SMV-STEAM,4,Finish,Rainbow,,1,,Battery,USB-C,,1,
variation,SMV-STEAM-RED-USBC,,1,0,visible,,,taxable,1,,0,0,0.7,4,4,3,119,,,https://cdn.jsdelivr.net/gh/bricekevin/sm-listing-img@main/steam/red-usb.jpg,,SMV-STEAM,5,Finish,Red,,1,,Battery,USB-C,,1,
variation,SMV-STEAM-WOOD-USBC,,1,0,visible,,,taxable,1,,0,0,0.7,4,4,3,119,,,https://cdn.jsdelivr.net/gh/bricekevin/sm-listing-img@main/steam/wood-usb.jpg,,SMV-STEAM,6,Finish,Wood,,1,,Battery,USB-C,,1,
variation,SMV-STEAM-BLACK-STDB,,1,0,visible,,,taxable,1,,0,0,0.7,4,4,3,139,,,https://cdn.jsdelivr.net/gh/bricekevin/sm-listing-img@main/steam/black-standard.jpg,,SMV-STEAM,7,Finish,Black,,1,,Battery,Standard,,1,
variation,SMV-STEAM-GLOW-STDB,,1,0,visible,,,taxable,1,,0,0,0.7,4,4,3,139,,,https://cdn.jsdelivr.net/gh/bricekevin/sm-listing-img@main/steam/glow-standard.jpg,,SMV-STEAM,8,Finish,Glow,,1,,Battery,Standard,,1,
variation,SMV-STEAM-GOLD-STDB,,1,0,visible,,,taxable,1,,0,0,0.7,4,4,3,139,,,https://cdn.jsdelivr.net/gh/bricekevin/sm-listing-img@main/steam/gold-standard.jpg,,SMV-STEAM,9,Finish,Gold,,1,,Battery,Standard,,1,
variation,SMV-STEAM-RAINBOW-STDB,,1,0,visible,,,taxable,1,,0,0,0.7,4,4,3,139,,,https://cdn.jsdelivr.net/gh/bricekevin/sm-listing-img@main/steam/rainbow-standard.jpg,,SMV-STEAM,10,Finish,Rainbow,,1,,Battery,Standard,,1,
variation,SMV-STEAM-RED-STDB,,1,0,visible,,,taxable,1,,0,0,0.7,4,4,3,139,,,https://cdn.jsdelivr.net/gh/bricekevin/sm-listing-img@main/steam/red-standard.jpg,,SMV-STEAM,11,Finish,Red,,1,,Battery,Standard,,1,
variation,SMV-STEAM-WOOD-STDB,,1,0,visible,,,taxable,1,,0,0,0.7,4,4,3,139,,,https://cdn.jsdelivr.net/gh/bricekevin/sm-listing-img@main/steam/wood-standard.jpg,,SMV-STEAM,12,Finish,Wood,,1,,Battery,Standard,,1,
variation,SMV-STEAM-BLACK-ADB,,1,0,visible,,,taxable,1,,0,0,0.7,4,4,3,149,,,https://cdn.jsdelivr.net/gh/bricekevin/sm-listing-img@main/steam/black-jumbo.jpg,,SMV-STEAM,13,Finish,Black,,1,,Battery,All Day,,1,
variation,SMV-STEAM-RED-ADB,,1,0,visible,,,taxable,1,,0,0,0.7,4,4,3,149,,,https://cdn.jsdelivr.net/gh/bricekevin/sm-listing-img@main/steam/red-jumbo.jpg,,SMV-STEAM,14,Finish,Red,,1,,Battery,All Day,,1,
variation,SMV-STEAM-WOOD-ADB,,1,0,visible,,,taxable,1,,0,0,0.7,4,4,3,149,,,https://cdn.jsdelivr.net/gh/bricekevin/sm-listing-img@main/steam/wood-jumbo.jpg,,SMV-STEAM,15,Finish,Wood,,1,,Battery,All Day,,1,
variable,SMV-SHOPIFY,Shopify Order Counter Desk Display,1,0,visible,"The Shopify Order Counter is a tiny, always-on desk display that shows your live Shopify orders over Wi-Fi &mdash; big numbers, a next-milestone bar, and a daily-change ticker. No laptop, app, or phone. Ships pre-flashed with a 3D-printed stand.","<p>The Shopify Order Counter puts your live Shopify orders right on your desk. It is a tiny, always-on Wi-Fi display with big readable numbers, a next-milestone progress bar, and a daily-change ticker &mdash; so every bit of growth feels real. No laptop, no app, no phone.</p>
<h3>What your Shopify Order Counter shows</h3>
<ul><li>ORDERS &mdash; your live count, big and readable</li><li>PRODUCTS and CUSTOMERS &mdash; your store totals at a glance</li><li>NEXT MILESTONE &mdash; a progress bar to your next round number (100, 1K, 10K...)</li><li>""+N today"" &mdash; how much you have gained since it started watching</li><li>Refreshes automatically every minute over Wi-Fi</li><li>One-tap brightness and light/dark toggle</li></ul>
<h3>What you get</h3>
<ul><li>A pre-flashed Social Meter, ready to set up</li><li>A USB-C power cable</li><li>A 3D-printed desk stand</li><li>A printed setup card with a QR code to the step-by-step guide</li><li>Optional battery for cord-free placement</li></ul>
<h3>Setting up your Shopify Order Counter</h3>
<p>Plug in -> join the device's Wi-Fi from your phone -> open the setup page -> pick Shopify and enter your store domain, plus a free API key -> enter your home Wi-Fi. Done. Our guided page walks you through it in about two minutes.</p>
<h3>What you need</h3>
<ul><li>Your store domain</li><li>A Shopify Admin API access token (shpat_...) &mdash; in your admin: Settings > Apps > Develop apps > create an app, allow read_orders + read_products + read_customers, install, copy the token</li><li>2.4 GHz home Wi-Fi (WPA2)</li></ul>
<p><strong>Private by design.</strong> Your details stay on the device &mdash; never uploaded to us or anyone. It only fetches public Shopify counts, over an encrypted connection. Wipe it with a button hold before regifting or reselling.</p>
<p><strong>One device, many platforms.</strong> Prefer to track something else? Social Meter also counts YouTube, Twitch, Spotify, Bluesky, Mastodon, GitHub, npm, Docker Hub, Discord, Steam, Shopify, Etsy and Reddit &mdash; just pick your platform at setup.</p>
<p>The Shopify Order Counter is pre-flashed and ready &mdash; plug it in, join your Wi-Fi, and watch your orders climb.</p>
<p><small>* Social Meter is an independent hardware project by Encinitas 3D. Shopify is a trademark of Shopify Inc.; this product is not made by, endorsed by, or affiliated with Shopify or Shopify Inc..</small></p>",taxable,1,,0,0,0.7,4,4,3,,Smart Devices,"shopify counter, order counter, sales tracker, shop owner gift, ecommerce gift, store display, wifi display, shopify stats, desk gadget, entrepreneur gift, small business, milestone tracker, live counter","https://cdn.jsdelivr.net/gh/bricekevin/sm-listing-img@main/shopify/main-zoom.jpg,https://cdn.jsdelivr.net/gh/bricekevin/sm-listing-img@main/shopify/gold-usb.jpg,https://cdn.jsdelivr.net/gh/bricekevin/sm-listing-img@main/shopify/orange-usb.jpg,https://cdn.jsdelivr.net/gh/bricekevin/sm-listing-img@main/shopify/rainbow-usb.jpg,https://cdn.jsdelivr.net/gh/bricekevin/sm-listing-img@main/shopify/red-usb.jpg,https://cdn.jsdelivr.net/gh/bricekevin/sm-listing-img@main/shopify/wood-usb.jpg,https://cdn.jsdelivr.net/gh/bricekevin/sm-listing-img@main/shopify/black-standard.jpg,https://cdn.jsdelivr.net/gh/bricekevin/sm-listing-img@main/shopify/glow-standard.jpg,https://cdn.jsdelivr.net/gh/bricekevin/sm-listing-img@main/shopify/gold-standard.jpg,https://cdn.jsdelivr.net/gh/bricekevin/sm-listing-img@main/shopify/rainbow-standard.jpg,https://cdn.jsdelivr.net/gh/bricekevin/sm-listing-img@main/shopify/red-standard.jpg,https://cdn.jsdelivr.net/gh/bricekevin/sm-listing-img@main/shopify/wood-standard.jpg,https://cdn.jsdelivr.net/gh/bricekevin/sm-listing-img@main/shopify/black-jumbo.jpg,https://cdn.jsdelivr.net/gh/bricekevin/sm-listing-img@main/shopify/red-jumbo.jpg,https://cdn.jsdelivr.net/gh/bricekevin/sm-listing-img@main/shopify/wood-jumbo.jpg,https://cdn.jsdelivr.net/gh/bricekevin/sm-listing-img@main/shopify/studio-sq.jpg,https://cdn.jsdelivr.net/gh/bricekevin/sm-listing-img@main/shopify/studio-ang.jpg,https://cdn.jsdelivr.net/gh/bricekevin/sm-listing-img@main/shopify/out1.jpg,https://cdn.jsdelivr.net/gh/bricekevin/sm-listing-img@main/shopify/out2.jpg,https://cdn.jsdelivr.net/gh/bricekevin/sm-listing-img@main/shopify/out3.jpg","id:7384, id:473",,0,Finish,"Black, Glow, Gold, Orange, Rainbow, Red, Wood",1,1,Black,Battery,"USB-C, Standard, All Day",1,1,USB-C
variation,SMV-SHOPIFY-BLACK-USBC,,1,0,visible,,,taxable,1,,0,0,0.7,4,4,3,119,,,https://cdn.jsdelivr.net/gh/bricekevin/sm-listing-img@main/shopify/main.jpg,,SMV-SHOPIFY,1,Finish,Black,,1,,Battery,USB-C,,1,
variation,SMV-SHOPIFY-GOLD-USBC,,1,0,visible,,,taxable,1,,0,0,0.7,4,4,3,119,,,https://cdn.jsdelivr.net/gh/bricekevin/sm-listing-img@main/shopify/gold-usb.jpg,,SMV-SHOPIFY,2,Finish,Gold,,1,,Battery,USB-C,,1,
variation,SMV-SHOPIFY-ORANGE-USBC,,1,0,visible,,,taxable,1,,0,0,0.7,4,4,3,119,,,https://cdn.jsdelivr.net/gh/bricekevin/sm-listing-img@main/shopify/orange-usb.jpg,,SMV-SHOPIFY,3,Finish,Orange,,1,,Battery,USB-C,,1,
variation,SMV-SHOPIFY-RAINBOW-USBC,,1,0,visible,,,taxable,1,,0,0,0.7,4,4,3,119,,,https://cdn.jsdelivr.net/gh/bricekevin/sm-listing-img@main/shopify/rainbow-usb.jpg,,SMV-SHOPIFY,4,Finish,Rainbow,,1,,Battery,USB-C,,1,
variation,SMV-SHOPIFY-RED-USBC,,1,0,visible,,,taxable,1,,0,0,0.7,4,4,3,119,,,https://cdn.jsdelivr.net/gh/bricekevin/sm-listing-img@main/shopify/red-usb.jpg,,SMV-SHOPIFY,5,Finish,Red,,1,,Battery,USB-C,,1,
variation,SMV-SHOPIFY-WOOD-USBC,,1,0,visible,,,taxable,1,,0,0,0.7,4,4,3,119,,,https://cdn.jsdelivr.net/gh/bricekevin/sm-listing-img@main/shopify/wood-usb.jpg,,SMV-SHOPIFY,6,Finish,Wood,,1,,Battery,USB-C,,1,
variation,SMV-SHOPIFY-BLACK-STDB,,1,0,visible,,,taxable,1,,0,0,0.7,4,4,3,139,,,https://cdn.jsdelivr.net/gh/bricekevin/sm-listing-img@main/shopify/black-standard.jpg,,SMV-SHOPIFY,7,Finish,Black,,1,,Battery,Standard,,1,
variation,SMV-SHOPIFY-GLOW-STDB,,1,0,visible,,,taxable,1,,0,0,0.7,4,4,3,139,,,https://cdn.jsdelivr.net/gh/bricekevin/sm-listing-img@main/shopify/glow-standard.jpg,,SMV-SHOPIFY,8,Finish,Glow,,1,,Battery,Standard,,1,
variation,SMV-SHOPIFY-GOLD-STDB,,1,0,visible,,,taxable,1,,0,0,0.7,4,4,3,139,,,https://cdn.jsdelivr.net/gh/bricekevin/sm-listing-img@main/shopify/gold-standard.jpg,,SMV-SHOPIFY,9,Finish,Gold,,1,,Battery,Standard,,1,
variation,SMV-SHOPIFY-RAINBOW-STDB,,1,0,visible,,,taxable,1,,0,0,0.7,4,4,3,139,,,https://cdn.jsdelivr.net/gh/bricekevin/sm-listing-img@main/shopify/rainbow-standard.jpg,,SMV-SHOPIFY,10,Finish,Rainbow,,1,,Battery,Standard,,1,
variation,SMV-SHOPIFY-RED-STDB,,1,0,visible,,,taxable,1,,0,0,0.7,4,4,3,139,,,https://cdn.jsdelivr.net/gh/bricekevin/sm-listing-img@main/shopify/red-standard.jpg,,SMV-SHOPIFY,11,Finish,Red,,1,,Battery,Standard,,1,
variation,SMV-SHOPIFY-WOOD-STDB,,1,0,visible,,,taxable,1,,0,0,0.7,4,4,3,139,,,https://cdn.jsdelivr.net/gh/bricekevin/sm-listing-img@main/shopify/wood-standard.jpg,,SMV-SHOPIFY,12,Finish,Wood,,1,,Battery,Standard,,1,
variation,SMV-SHOPIFY-BLACK-ADB,,1,0,visible,,,taxable,1,,0,0,0.7,4,4,3,149,,,https://cdn.jsdelivr.net/gh/bricekevin/sm-listing-img@main/shopify/black-jumbo.jpg,,SMV-SHOPIFY,13,Finish,Black,,1,,Battery,All Day,,1,
variation,SMV-SHOPIFY-RED-ADB,,1,0,visible,,,taxable,1,,0,0,0.7,4,4,3,149,,,https://cdn.jsdelivr.net/gh/bricekevin/sm-listing-img@main/shopify/red-jumbo.jpg,,SMV-SHOPIFY,14,Finish,Red,,1,,Battery,All Day,,1,
variation,SMV-SHOPIFY-WOOD-ADB,,1,0,visible,,,taxable,1,,0,0,0.7,4,4,3,149,,,https://cdn.jsdelivr.net/gh/bricekevin/sm-listing-img@main/shopify/wood-jumbo.jpg,,SMV-SHOPIFY,15,Finish,Wood,,1,,Battery,All Day,,1,
variable,SMV-ETSY,Etsy Sales Tracker Desk Display,1,0,visible,"The Etsy Sales Tracker is a tiny, always-on desk display that shows your live Etsy shop sales over Wi-Fi &mdash; big numbers, a next-milestone bar, and a daily-change ticker. No laptop, app, or phone. Ships pre-flashed with a 3D-printed stand.","<p>The Etsy Sales Tracker puts your live Etsy shop sales right on your desk. It is a tiny, always-on Wi-Fi display with big readable numbers, a next-milestone progress bar, and a daily-change ticker &mdash; so every bit of growth feels real. No laptop, no app, no phone.</p>
<h3>What your Etsy Sales Tracker shows</h3>
<ul><li>SALES &mdash; your live count, big and readable</li><li>ADMIRERS and REVIEWS &mdash; your shop totals at a glance</li><li>NEXT MILESTONE &mdash; a progress bar to your next round number (100, 1K, 10K...)</li><li>""+N today"" &mdash; how much you have gained since it started watching</li><li>Refreshes automatically every minute over Wi-Fi</li><li>One-tap brightness and light/dark toggle</li></ul>
<h3>What you get</h3>
<ul><li>A pre-flashed Social Meter, ready to set up</li><li>A USB-C power cable</li><li>A 3D-printed desk stand</li><li>A printed setup card with a QR code to the step-by-step guide</li><li>Optional battery for cord-free placement</li></ul>
<h3>Setting up your Etsy Sales Tracker</h3>
<p>Plug in -> join the device's Wi-Fi from your phone -> open the setup page -> pick Etsy and enter your Etsy shop name, plus a free API key -> enter your home Wi-Fi. Done. Our guided page walks you through it in about two minutes.</p>
<h3>What you need</h3>
<ul><li>Your Etsy shop name</li><li>A free Etsy key &mdash; keystring:shared_secret joined by a colon (from developers.etsy.com)</li><li>2.4 GHz home Wi-Fi (WPA2)</li></ul>
<p><strong>Private by design.</strong> Your details stay on the device &mdash; never uploaded to us or anyone. It only fetches public Etsy counts, over an encrypted connection. Wipe it with a button hold before regifting or reselling.</p>
<p><strong>One device, many platforms.</strong> Prefer to track something else? Social Meter also counts YouTube, Twitch, Spotify, Bluesky, Mastodon, GitHub, npm, Docker Hub, Discord, Steam, Shopify, Etsy and Reddit &mdash; just pick your platform at setup.</p>
<p>The Etsy Sales Tracker is pre-flashed and ready &mdash; plug it in, join your Wi-Fi, and watch your shop sales climb.</p>
<p><small>* Social Meter is an independent hardware project by Encinitas 3D. Etsy is a trademark of Etsy, Inc.; this product is not made by, endorsed by, or affiliated with Etsy or Etsy, Inc..</small></p>",taxable,1,,0,0,0.7,4,4,3,,Smart Devices,"etsy counter, sales tracker, etsy sales, shop owner gift, etsy seller gift, craft business, wifi display, etsy stats, desk gadget, small business, handmade seller, milestone tracker, live counter","https://cdn.jsdelivr.net/gh/bricekevin/sm-listing-img@main/etsy/main-zoom.jpg,https://cdn.jsdelivr.net/gh/bricekevin/sm-listing-img@main/etsy/gold-usb.jpg,https://cdn.jsdelivr.net/gh/bricekevin/sm-listing-img@main/etsy/orange-usb.jpg,https://cdn.jsdelivr.net/gh/bricekevin/sm-listing-img@main/etsy/rainbow-usb.jpg,https://cdn.jsdelivr.net/gh/bricekevin/sm-listing-img@main/etsy/red-usb.jpg,https://cdn.jsdelivr.net/gh/bricekevin/sm-listing-img@main/etsy/wood-usb.jpg,https://cdn.jsdelivr.net/gh/bricekevin/sm-listing-img@main/etsy/black-standard.jpg,https://cdn.jsdelivr.net/gh/bricekevin/sm-listing-img@main/etsy/glow-standard.jpg,https://cdn.jsdelivr.net/gh/bricekevin/sm-listing-img@main/etsy/gold-standard.jpg,https://cdn.jsdelivr.net/gh/bricekevin/sm-listing-img@main/etsy/rainbow-standard.jpg,https://cdn.jsdelivr.net/gh/bricekevin/sm-listing-img@main/etsy/red-standard.jpg,https://cdn.jsdelivr.net/gh/bricekevin/sm-listing-img@main/etsy/wood-standard.jpg,https://cdn.jsdelivr.net/gh/bricekevin/sm-listing-img@main/etsy/black-jumbo.jpg,https://cdn.jsdelivr.net/gh/bricekevin/sm-listing-img@main/etsy/red-jumbo.jpg,https://cdn.jsdelivr.net/gh/bricekevin/sm-listing-img@main/etsy/wood-jumbo.jpg,https://cdn.jsdelivr.net/gh/bricekevin/sm-listing-img@main/etsy/studio-sq.jpg,https://cdn.jsdelivr.net/gh/bricekevin/sm-listing-img@main/etsy/studio-ang.jpg,https://cdn.jsdelivr.net/gh/bricekevin/sm-listing-img@main/etsy/out1.jpg,https://cdn.jsdelivr.net/gh/bricekevin/sm-listing-img@main/etsy/out2.jpg,https://cdn.jsdelivr.net/gh/bricekevin/sm-listing-img@main/etsy/out3.jpg","id:7384, id:473",,0,Finish,"Black, Glow, Gold, Orange, Rainbow, Red, Wood",1,1,Black,Battery,"USB-C, Standard, All Day",1,1,USB-C
variation,SMV-ETSY-BLACK-USBC,,1,0,visible,,,taxable,1,,0,0,0.7,4,4,3,119,,,https://cdn.jsdelivr.net/gh/bricekevin/sm-listing-img@main/etsy/main.jpg,,SMV-ETSY,1,Finish,Black,,1,,Battery,USB-C,,1,
variation,SMV-ETSY-GOLD-USBC,,1,0,visible,,,taxable,1,,0,0,0.7,4,4,3,119,,,https://cdn.jsdelivr.net/gh/bricekevin/sm-listing-img@main/etsy/gold-usb.jpg,,SMV-ETSY,2,Finish,Gold,,1,,Battery,USB-C,,1,
variation,SMV-ETSY-ORANGE-USBC,,1,0,visible,,,taxable,1,,0,0,0.7,4,4,3,119,,,https://cdn.jsdelivr.net/gh/bricekevin/sm-listing-img@main/etsy/orange-usb.jpg,,SMV-ETSY,3,Finish,Orange,,1,,Battery,USB-C,,1,
variation,SMV-ETSY-RAINBOW-USBC,,1,0,visible,,,taxable,1,,0,0,0.7,4,4,3,119,,,https://cdn.jsdelivr.net/gh/bricekevin/sm-listing-img@main/etsy/rainbow-usb.jpg,,SMV-ETSY,4,Finish,Rainbow,,1,,Battery,USB-C,,1,
variation,SMV-ETSY-RED-USBC,,1,0,visible,,,taxable,1,,0,0,0.7,4,4,3,119,,,https://cdn.jsdelivr.net/gh/bricekevin/sm-listing-img@main/etsy/red-usb.jpg,,SMV-ETSY,5,Finish,Red,,1,,Battery,USB-C,,1,
variation,SMV-ETSY-WOOD-USBC,,1,0,visible,,,taxable,1,,0,0,0.7,4,4,3,119,,,https://cdn.jsdelivr.net/gh/bricekevin/sm-listing-img@main/etsy/wood-usb.jpg,,SMV-ETSY,6,Finish,Wood,,1,,Battery,USB-C,,1,
variation,SMV-ETSY-BLACK-STDB,,1,0,visible,,,taxable,1,,0,0,0.7,4,4,3,139,,,https://cdn.jsdelivr.net/gh/bricekevin/sm-listing-img@main/etsy/black-standard.jpg,,SMV-ETSY,7,Finish,Black,,1,,Battery,Standard,,1,
variation,SMV-ETSY-GLOW-STDB,,1,0,visible,,,taxable,1,,0,0,0.7,4,4,3,139,,,https://cdn.jsdelivr.net/gh/bricekevin/sm-listing-img@main/etsy/glow-standard.jpg,,SMV-ETSY,8,Finish,Glow,,1,,Battery,Standard,,1,
variation,SMV-ETSY-GOLD-STDB,,1,0,visible,,,taxable,1,,0,0,0.7,4,4,3,139,,,https://cdn.jsdelivr.net/gh/bricekevin/sm-listing-img@main/etsy/gold-standard.jpg,,SMV-ETSY,9,Finish,Gold,,1,,Battery,Standard,,1,
variation,SMV-ETSY-RAINBOW-STDB,,1,0,visible,,,taxable,1,,0,0,0.7,4,4,3,139,,,https://cdn.jsdelivr.net/gh/bricekevin/sm-listing-img@main/etsy/rainbow-standard.jpg,,SMV-ETSY,10,Finish,Rainbow,,1,,Battery,Standard,,1,
variation,SMV-ETSY-RED-STDB,,1,0,visible,,,taxable,1,,0,0,0.7,4,4,3,139,,,https://cdn.jsdelivr.net/gh/bricekevin/sm-listing-img@main/etsy/red-standard.jpg,,SMV-ETSY,11,Finish,Red,,1,,Battery,Standard,,1,
variation,SMV-ETSY-WOOD-STDB,,1,0,visible,,,taxable,1,,0,0,0.7,4,4,3,139,,,https://cdn.jsdelivr.net/gh/bricekevin/sm-listing-img@main/etsy/wood-standard.jpg,,SMV-ETSY,12,Finish,Wood,,1,,Battery,Standard,,1,
variation,SMV-ETSY-BLACK-ADB,,1,0,visible,,,taxable,1,,0,0,0.7,4,4,3,149,,,https://cdn.jsdelivr.net/gh/bricekevin/sm-listing-img@main/etsy/black-jumbo.jpg,,SMV-ETSY,13,Finish,Black,,1,,Battery,All Day,,1,
variation,SMV-ETSY-RED-ADB,,1,0,visible,,,taxable,1,,0,0,0.7,4,4,3,149,,,https://cdn.jsdelivr.net/gh/bricekevin/sm-listing-img@main/etsy/red-jumbo.jpg,,SMV-ETSY,14,Finish,Red,,1,,Battery,All Day,,1,
variation,SMV-ETSY-WOOD-ADB,,1,0,visible,,,taxable,1,,0,0,0.7,4,4,3,149,,,https://cdn.jsdelivr.net/gh/bricekevin/sm-listing-img@main/etsy/wood-jumbo.jpg,,SMV-ETSY,15,Finish,Wood,,1,,Battery,All Day,,1,
variable,SMV-REDDIT,Reddit Subreddit Member Counter Desk Display,1,0,visible,"The Reddit Subreddit Member Counter is a tiny, always-on desk display that shows your live Reddit members over Wi-Fi &mdash; big numbers, a next-milestone bar, and a daily-change ticker. No laptop, app, or phone. Ships pre-flashed with a 3D-printed stand.","<p>The Reddit Subreddit Member Counter puts your live Reddit members right on your desk. It is a tiny, always-on Wi-Fi display with big readable numbers, a next-milestone progress bar, and a daily-change ticker &mdash; so every bit of growth feels real. No laptop, no app, no phone.</p>
<h3>What your Reddit Subreddit Member Counter shows</h3>
<ul><li>MEMBERS &mdash; your live count, big and readable</li><li>ACTIVE &mdash; members active right now</li><li>NEXT MILESTONE &mdash; a progress bar to your next round number (10K, 100K, 1M...)</li><li>""+N today"" &mdash; how much you have gained since it started watching</li><li>Refreshes automatically every minute over Wi-Fi</li><li>One-tap brightness and light/dark toggle</li></ul>
<h3>What you get</h3>
<ul><li>A pre-flashed Social Meter, ready to set up</li><li>A USB-C power cable</li><li>A 3D-printed desk stand</li><li>A printed setup card with a QR code to the step-by-step guide</li><li>Optional battery for cord-free placement</li></ul>
<h3>Setting up your Reddit Subreddit Member Counter</h3>
<p>Plug in -> join the device's Wi-Fi from your phone -> open the setup page -> pick Reddit and enter the subreddit name (without r/) -> enter your home Wi-Fi. Done. Our guided page walks you through it in about two minutes.</p>
<h3>What you need</h3>
<ul><li>The subreddit name (without r/)</li><li>No API key required &mdash; leave the key box blank</li><li>2.4 GHz home Wi-Fi (WPA2)</li></ul>
<p><strong>Private by design.</strong> Your details stay on the device &mdash; never uploaded to us or anyone. It only fetches public Reddit counts, over an encrypted connection. Wipe it with a button hold before regifting or reselling.</p>
<p><strong>One device, many platforms.</strong> Prefer to track something else? Social Meter also counts YouTube, Twitch, Spotify, Bluesky, Mastodon, GitHub, npm, Docker Hub, Discord, Steam, Shopify, Etsy and Reddit &mdash; just pick your platform at setup.</p>
<p>The Reddit Subreddit Member Counter is pre-flashed and ready &mdash; plug it in, join your Wi-Fi, and watch your members climb.</p>
<p><small>* Social Meter is an independent hardware project by Encinitas 3D. Reddit is a trademark of Reddit, Inc.; this product is not made by, endorsed by, or affiliated with Reddit or Reddit, Inc..</small></p>",taxable,1,,0,0,0.7,4,4,3,,Smart Devices,"reddit counter, member counter, subreddit members, moderator gift, community gift, reddit mod, wifi display, subreddit stats, desk gadget, reddit gift, community mod, milestone tracker, live counter","https://cdn.jsdelivr.net/gh/bricekevin/sm-listing-img@main/reddit/main-zoom.jpg,https://cdn.jsdelivr.net/gh/bricekevin/sm-listing-img@main/reddit/gold-usb.jpg,https://cdn.jsdelivr.net/gh/bricekevin/sm-listing-img@main/reddit/orange-usb.jpg,https://cdn.jsdelivr.net/gh/bricekevin/sm-listing-img@main/reddit/rainbow-usb.jpg,https://cdn.jsdelivr.net/gh/bricekevin/sm-listing-img@main/reddit/red-usb.jpg,https://cdn.jsdelivr.net/gh/bricekevin/sm-listing-img@main/reddit/wood-usb.jpg,https://cdn.jsdelivr.net/gh/bricekevin/sm-listing-img@main/reddit/black-standard.jpg,https://cdn.jsdelivr.net/gh/bricekevin/sm-listing-img@main/reddit/glow-standard.jpg,https://cdn.jsdelivr.net/gh/bricekevin/sm-listing-img@main/reddit/gold-standard.jpg,https://cdn.jsdelivr.net/gh/bricekevin/sm-listing-img@main/reddit/rainbow-standard.jpg,https://cdn.jsdelivr.net/gh/bricekevin/sm-listing-img@main/reddit/red-standard.jpg,https://cdn.jsdelivr.net/gh/bricekevin/sm-listing-img@main/reddit/wood-standard.jpg,https://cdn.jsdelivr.net/gh/bricekevin/sm-listing-img@main/reddit/black-jumbo.jpg,https://cdn.jsdelivr.net/gh/bricekevin/sm-listing-img@main/reddit/red-jumbo.jpg,https://cdn.jsdelivr.net/gh/bricekevin/sm-listing-img@main/reddit/wood-jumbo.jpg,https://cdn.jsdelivr.net/gh/bricekevin/sm-listing-img@main/reddit/studio-sq.jpg,https://cdn.jsdelivr.net/gh/bricekevin/sm-listing-img@main/reddit/studio-ang.jpg,https://cdn.jsdelivr.net/gh/bricekevin/sm-listing-img@main/reddit/out1.jpg,https://cdn.jsdelivr.net/gh/bricekevin/sm-listing-img@main/reddit/out2.jpg,https://cdn.jsdelivr.net/gh/bricekevin/sm-listing-img@main/reddit/out3.jpg","id:7384, id:473",,0,Finish,"Black, Glow, Gold, Orange, Rainbow, Red, Wood",1,1,Black,Battery,"USB-C, Standard, All Day",1,1,USB-C
variation,SMV-REDDIT-BLACK-USBC,,1,0,visible,,,taxable,1,,0,0,0.7,4,4,3,119,,,https://cdn.jsdelivr.net/gh/bricekevin/sm-listing-img@main/reddit/main.jpg,,SMV-REDDIT,1,Finish,Black,,1,,Battery,USB-C,,1,
variation,SMV-REDDIT-GOLD-USBC,,1,0,visible,,,taxable,1,,0,0,0.7,4,4,3,119,,,https://cdn.jsdelivr.net/gh/bricekevin/sm-listing-img@main/reddit/gold-usb.jpg,,SMV-REDDIT,2,Finish,Gold,,1,,Battery,USB-C,,1,
variation,SMV-REDDIT-ORANGE-USBC,,1,0,visible,,,taxable,1,,0,0,0.7,4,4,3,119,,,https://cdn.jsdelivr.net/gh/bricekevin/sm-listing-img@main/reddit/orange-usb.jpg,,SMV-REDDIT,3,Finish,Orange,,1,,Battery,USB-C,,1,
variation,SMV-REDDIT-RAINBOW-USBC,,1,0,visible,,,taxable,1,,0,0,0.7,4,4,3,119,,,https://cdn.jsdelivr.net/gh/bricekevin/sm-listing-img@main/reddit/rainbow-usb.jpg,,SMV-REDDIT,4,Finish,Rainbow,,1,,Battery,USB-C,,1,
variation,SMV-REDDIT-RED-USBC,,1,0,visible,,,taxable,1,,0,0,0.7,4,4,3,119,,,https://cdn.jsdelivr.net/gh/bricekevin/sm-listing-img@main/reddit/red-usb.jpg,,SMV-REDDIT,5,Finish,Red,,1,,Battery,USB-C,,1,
variation,SMV-REDDIT-WOOD-USBC,,1,0,visible,,,taxable,1,,0,0,0.7,4,4,3,119,,,https://cdn.jsdelivr.net/gh/bricekevin/sm-listing-img@main/reddit/wood-usb.jpg,,SMV-REDDIT,6,Finish,Wood,,1,,Battery,USB-C,,1,
variation,SMV-REDDIT-BLACK-STDB,,1,0,visible,,,taxable,1,,0,0,0.7,4,4,3,139,,,https://cdn.jsdelivr.net/gh/bricekevin/sm-listing-img@main/reddit/black-standard.jpg,,SMV-REDDIT,7,Finish,Black,,1,,Battery,Standard,,1,
variation,SMV-REDDIT-GLOW-STDB,,1,0,visible,,,taxable,1,,0,0,0.7,4,4,3,139,,,https://cdn.jsdelivr.net/gh/bricekevin/sm-listing-img@main/reddit/glow-standard.jpg,,SMV-REDDIT,8,Finish,Glow,,1,,Battery,Standard,,1,
variation,SMV-REDDIT-GOLD-STDB,,1,0,visible,,,taxable,1,,0,0,0.7,4,4,3,139,,,https://cdn.jsdelivr.net/gh/bricekevin/sm-listing-img@main/reddit/gold-standard.jpg,,SMV-REDDIT,9,Finish,Gold,,1,,Battery,Standard,,1,
variation,SMV-REDDIT-RAINBOW-STDB,,1,0,visible,,,taxable,1,,0,0,0.7,4,4,3,139,,,https://cdn.jsdelivr.net/gh/bricekevin/sm-listing-img@main/reddit/rainbow-standard.jpg,,SMV-REDDIT,10,Finish,Rainbow,,1,,Battery,Standard,,1,
variation,SMV-REDDIT-RED-STDB,,1,0,visible,,,taxable,1,,0,0,0.7,4,4,3,139,,,https://cdn.jsdelivr.net/gh/bricekevin/sm-listing-img@main/reddit/red-standard.jpg,,SMV-REDDIT,11,Finish,Red,,1,,Battery,Standard,,1,
variation,SMV-REDDIT-WOOD-STDB,,1,0,visible,,,taxable,1,,0,0,0.7,4,4,3,139,,,https://cdn.jsdelivr.net/gh/bricekevin/sm-listing-img@main/reddit/wood-standard.jpg,,SMV-REDDIT,12,Finish,Wood,,1,,Battery,Standard,,1,
variation,SMV-REDDIT-BLACK-ADB,,1,0,visible,,,taxable,1,,0,0,0.7,4,4,3,149,,,https://cdn.jsdelivr.net/gh/bricekevin/sm-listing-img@main/reddit/black-jumbo.jpg,,SMV-REDDIT,13,Finish,Black,,1,,Battery,All Day,,1,
variation,SMV-REDDIT-RED-ADB,,1,0,visible,,,taxable,1,,0,0,0.7,4,4,3,149,,,https://cdn.jsdelivr.net/gh/bricekevin/sm-listing-img@main/reddit/red-jumbo.jpg,,SMV-REDDIT,14,Finish,Red,,1,,Battery,All Day,,1,
variation,SMV-REDDIT-WOOD-ADB,,1,0,visible,,,taxable,1,,0,0,0.7,4,4,3,149,,,https://cdn.jsdelivr.net/gh/bricekevin/sm-listing-img@main/reddit/wood-jumbo.jpg,,SMV-REDDIT,15,Finish,Wood,,1,,Battery,All Day,,1,
